,ExpNum,ID,CodeExclu,Answer,AverageExpertise_x,AvergeConfidence,Confidence,DelID,GuruID,ProbaDel,Unnamed: 0,Weight,CodeQuestion,Proba,country,gender,gender_,unique_id_x,unique_id_q_x,unique_id_y,unique_id_q_y,AverageExpertise_y,IRTExpertise,Normalized_IRT,Normalized_IRT_1,Buckets
0,E1,0,K,0.8,0.8,0.6,0.6,,0.0,0.0,2.0,1.0,,,0,0,0,E1_0,E1_0_K,E1_0,E1_0_K,0.8,0.6782440457054066,0.76348506571257,5.269701314251401,0.79
1,E1,0,PC,0.2857142857142857,0.2857142857142857,0.0357142857142857,0.03571428571428571,5.0,5.0,1.0,2.0,0.0,,,0,0,0,E1_0,E1_0_PC,E1_0,E1_0_PC,0.2857142857142857,-0.411684007976412,0.41501524114056965,-1.6996951771886053,0.36
2,E1,0,PE1,0.4,0.4,0.0,0.0,9.0,9.0,1.0,2.0,0.0,,,0,0,0,E1_0,E1_0_PE1,E1_0,E1_0_PE1,0.4,-0.6564709761464806,0.33675239473746443,-3.2649521052507104,0.36
3,E1,0,SR,1.0,1.0,1.0,1.0,1.0,1.0,1.0,2.0,0.0,,,0,0,0,E1_0,E1_0_SR,E1_0,E1_0_SR,1.0,1.2040914960773894,0.9316080607706018,8.632161215412037,0.93
4,E1,0,T,0.6,0.6,0.15,0.15,,0.0,0.0,2.0,1.0,,,0,0,0,E1_0,E1_0_T,E1_0,E1_0_T,0.6,0.37471901367033345,0.6664425918454374,3.3288518369087488,0.64
5,E1,1,K,1.0,1.0,0.9,0.9,,1.0,0.0,3.0,1.0,,,0,0,0,E1_1,E1_1_K,E1_1,E1_1_K,1.0,1.1903404811731537,0.9272116111745216,8.544232223490432,0.93
6,E1,1,PC,0.7142857142857143,0.7142857142857143,0.75,0.75,,1.0,0.0,3.0,2.0,,,0,0,0,E1_1,E1_1_PC,E1_1,E1_1_PC,0.7142857142857143,0.37941040293408623,0.6679425143295099,3.358850286590201,0.64
7,E1,1,PE1,0.6,0.6,0.6,0.6,,1.0,0.0,3.0,6.0,,,0,0,0,E1_1,E1_1_PE1,E1_1,E1_1_PE1,0.6,-0.0883923697104998,0.5183774585746068,0.36754917149213817,0.5
8,E1,1,SR,1.0,1.0,0.75,0.75,,1.0,0.0,3.0,4.0,,,0,0,0,E1_1,E1_1_SR,E1_1,E1_1_SR,1.0,1.2040914960773894,0.9316080607706018,8.632161215412037,0.93
9,E1,1,T,1.0,1.0,0.75,0.75,,1.0,0.0,3.0,1.0,,,0,0,0,E1_1,E1_1_T,E1_1,E1_1_T,1.0,1.1169683986672678,0.903753221757955,8.075064435159103,0.93
10,E1,2,K,0.4,0.4,0.6,0.6,,2.0,0.0,4.0,1.0,,,0,0,0,E1_2,E1_2_K,E1_2,E1_2_K,0.4,-0.04232031494899354,0.5331075325333239,0.6621506506664794,0.5
11,E1,2,PC,0.14285714285714285,0.1428571428571428,0.1071428571428571,0.10714285714285714,3.0,3.0,1.0,4.0,0.0,,,0,0,0,E1_2,E1_2_PC,E1_2,E1_2_PC,0.1428571428571428,-0.9989443879332474,0.22725741539202196,-5.4548516921595605,0.21
12,E1,2,PE1,1.0,1.0,0.0,0.0,9.0,9.0,1.0,4.0,0.0,,,0,0,0,E1_2,E1_2_PE1,E1_2,E1_2_PE1,1.0,1.4180046901491514,1.0,10.0,0.93
13,E1,2,SR,1.0,1.0,1.0,1.0,,2.0,0.0,4.0,1.0,,,0,0,0,E1_2,E1_2_SR,E1_2,E1_2_SR,1.0,1.2040914960773894,0.9316080607706018,8.632161215412037,0.93
14,E1,2,T,1.0,1.0,0.5,0.5,,2.0,0.0,4.0,1.0,,,0,0,0,E1_2,E1_2_T,E1_2,E1_2_T,1.0,1.1169683986672678,0.903753221757955,8.075064435159103,0.93
15,E1,3,K,0.8,0.8,0.6,0.6,,3.0,0.0,5.0,1.0,,,0,0,0,E1_3,E1_3_K,E1_3,E1_3_K,0.8,0.7528048311975859,0.7873235050963822,5.746470101927645,0.79
16,E1,3,PC,0.2857142857142857,0.2857142857142857,0.25,0.25,,3.0,0.0,5.0,3.0,,,0,0,0,E1_3,E1_3_PC,E1_3,E1_3_PC,0.2857142857142857,-0.5295510948532979,0.37733098946170474,-2.4533802107659044,0.36
17,E1,3,PE1,1.0,1.0,0.65,0.65,1.0,1.0,1.0,5.0,0.0,,,0,0,0,E1_3,E1_3_PE1,E1_3,E1_3_PE1,1.0,1.4180046901491514,1.0,10.0,0.93
18,E1,3,SR,0.6666666666666666,0.6666666666666666,0.6666666666666666,0.6666666666666666,0.0,1.0,1.0,5.0,0.0,,,0,0,0,E1_3,E1_3_SR,E1_3,E1_3_SR,0.6666666666666666,0.6069333174809116,0.7406857287558339,4.8137145751166805,0.79
19,E1,3,T,0.8,0.8,0.75,0.75,,3.0,0.0,5.0,2.0,,,0,0,0,E1_3,E1_3_T,E1_3,E1_3_T,0.8,0.8005234954166542,0.8025800300505359,6.051600601010719,0.79
20,E1,4,K,0.4,0.4,0.1,0.1,10.0,10.0,1.0,6.0,0.0,,,0,0,0,E1_4,E1_4_K,E1_4,E1_4_K,0.4,-0.00938252067925779,0.543638344500399,0.8727668900079824,0.5
21,E1,4,PC,0.5714285714285714,0.5714285714285714,0.2857142857142857,0.2857142857142857,1.0,1.0,1.0,6.0,0.0,,,0,0,0,E1_4,E1_4_PC,E1_4,E1_4_PC,0.5714285714285714,0.0636103297173066,0.5669754865133768,1.3395097302675367,0.5
22,E1,4,PE1,0.4,0.4,0.0,0.0,3.0,1.0,1.0,6.0,0.0,,,0,0,0,E1_4,E1_4_PE1,E1_4,E1_4_PE1,0.4,-0.6564709761464805,0.33675239473746443,-3.2649521052507104,0.36
23,E1,4,SR,0.6666666666666666,0.6666666666666666,0.5833333333333334,0.5833333333333334,,4.0,0.0,6.0,1.0,,,0,0,0,E1_4,E1_4_SR,E1_4,E1_4_SR,0.6666666666666666,0.44031319577251515,0.6874142450227982,3.7482849004559675,0.64
24,E1,4,T,0.8,0.8,0.65,0.65,,4.0,0.0,6.0,2.0,,,0,0,0,E1_4,E1_4_T,E1_4,E1_4_T,0.8,0.8005234954166542,0.8025800300505359,6.051600601010719,0.79
25,E1,5,K,0.8,0.8,0.5,0.5,,5.0,0.0,7.0,1.0,,,0,0,0,E1_5,E1_5_K,E1_5,E1_5_K,0.8,0.7528048311975859,0.7873235050963822,5.746470101927645,0.79
26,E1,5,PC,0.42857142857142855,0.4285714285714285,0.4,0.4,,5.0,0.0,7.0,2.0,,,0,0,0,E1_5,E1_5_PC,E1_5,E1_5_PC,0.4285714285714285,-0.23346321988001528,0.47199566893416894,-0.5600866213166196,0.5
27,E1,5,PE1,0.6,0.6,0.35,0.35,,5.0,0.0,7.0,1.0,,,0,0,0,E1_5,E1_5_PE1,E1_5,E1_5_PE1,0.6,0.9219248604904656,0.8413942547575388,6.82788509515078,0.79
28,E1,5,SR,1.0,1.0,1.0,1.0,,5.0,0.0,7.0,1.0,,,0,0,0,E1_5,E1_5_SR,E1_5,E1_5_SR,1.0,1.2040914960773894,0.9316080607706018,8.632161215412037,0.93
29,E1,5,T,0.8,0.8,0.45,0.45,,5.0,0.0,7.0,1.0,,,0,0,0,E1_5,E1_5_T,E1_5,E1_5_T,0.8,0.8005234954166542,0.8025800300505359,6.051600601010719,0.79
30,E1,6,K,0.8,0.8,0.7,0.7,,6.0,0.0,8.0,1.0,,,0,0,0,E1_6,E1_6_K,E1_6,E1_6_K,0.8,0.7528048311975859,0.7873235050963822,5.746470101927645,0.79
31,E1,6,PC,0.42857142857142855,0.4285714285714285,0.25,0.25,8.0,8.0,1.0,8.0,0.0,,,0,0,0,E1_6,E1_6_PC,E1_6,E1_6_PC,0.4285714285714285,-0.2831274689358907,0.4561171051174665,-0.8776578976506695,0.5
32,E1,6,PE1,0.4,0.4,0.0,0.0,3.0,1.0,1.0,8.0,0.0,,,0,0,0,E1_6,E1_6_PE1,E1_6,E1_6_PE1,0.4,-0.7877791526226049,0.2947707822200734,-4.104584355598532,0.36
33,E1,6,SR,1.0,1.0,0.25,0.25,,6.0,0.0,8.0,1.0,,,0,0,0,E1_6,E1_6_SR,E1_6,E1_6_SR,1.0,1.2040914960773894,0.9316080607706018,8.632161215412037,0.93
34,E1,6,T,1.0,1.0,0.7,0.7,,6.0,0.0,8.0,1.0,,,0,0,0,E1_6,E1_6_T,E1_6,E1_6_T,1.0,1.1169683986672678,0.903753221757955,8.075064435159103,0.93
35,E1,7,K,0.6,0.6,0.55,0.55,,7.0,0.0,9.0,1.0,,,0,0,0,E1_7,E1_7_K,E1_7,E1_7_K,0.6,0.28044838032667146,0.6363025555810371,2.726051111620743,0.64
36,E1,7,PC,0.5714285714285714,0.5714285714285714,0.4285714285714285,0.42857142857142855,3.0,3.0,1.0,9.0,0.0,,,0,0,0,E1_7,E1_7_PC,E1_7,E1_7_PC,0.5714285714285714,0.2862948096917687,0.6381717653957086,2.7634353079141736,0.64
37,E1,7,PE1,0.8,0.8,0.0,0.0,1.0,1.0,1.0,9.0,0.0,,,0,0,0,E1_7,E1_7_PE1,E1_7,E1_7_PE1,0.8,1.2811465796938228,0.9562439726360634,9.12487945272127,0.93
38,E1,7,SR,1.0,1.0,0.8333333333333334,0.8333333333333334,,7.0,0.0,9.0,1.0,,,0,0,0,E1_7,E1_7_SR,E1_7,E1_7_SR,1.0,1.2040914960773894,0.9316080607706018,8.632161215412037,0.93
39,E1,7,T,0.6,0.6,0.6,0.6,3.0,3.0,1.0,9.0,0.0,,,0,0,0,E1_7,E1_7_T,E1_7,E1_7_T,0.6,0.10556545080142317,0.5803893018883384,1.6077860377667683,0.64
40,E1,8,K,1.0,1.0,1.0,1.0,,8.0,0.0,10.0,1.0,,,0,0,0,E1_8,E1_8_K,E1_8,E1_8_K,1.0,1.1903404811731537,0.9272116111745216,8.544232223490432,0.93
41,E1,8,PC,0.42857142857142855,0.4285714285714285,0.15,0.15,,8.0,0.0,10.0,2.0,,,0,0,0,E1_8,E1_8_PC,E1_8,E1_8_PC,0.4285714285714285,-0.0939250410241337,0.5166085629162523,0.33217125832504735,0.5
42,E1,8,PE1,0.4,0.4,0.0,0.0,1.0,1.0,1.0,10.0,0.0,,,0,0,0,E1_8,E1_8_PE1,E1_8,E1_8_PE1,0.4,-0.6564709761464805,0.33675239473746443,-3.2649521052507104,0.36
43,E1,8,SR,1.0,1.0,0.6666666666666666,0.6666666666666666,1.0,1.0,1.0,10.0,0.0,,,0,0,0,E1_8,E1_8_SR,E1_8,E1_8_SR,1.0,1.2040914960773894,0.9316080607706018,8.632161215412037,0.93
44,E1,8,T,0.8,0.8,0.4,0.4,4.0,4.0,1.0,10.0,0.0,,,0,0,0,E1_8,E1_8_T,E1_8,E1_8_T,0.8,0.6690280196874245,0.7605385345549505,5.210770691099011,0.79
45,E1,9,K,0.8,0.8,0.45,0.45,,9.0,0.0,11.0,1.0,,,0,0,0,E1_9,E1_9_K,E1_9,E1_9_K,0.8,0.8149095169839915,0.8071795028275918,6.143590056551837,0.79
46,E1,9,PC,0.5714285714285714,0.5714285714285714,0.5,0.5,,9.0,0.0,11.0,1.0,,,0,0,0,E1_9,E1_9_PC,E1_9,E1_9_PC,0.5714285714285714,0.23129083239530832,0.6205859933307433,2.4117198666148667,0.64
47,E1,9,PE1,1.0,1.0,0.75,0.75,,9.0,0.0,11.0,3.0,,,0,0,0,E1_9,E1_9_PE1,E1_9,E1_9_PE1,1.0,1.4180046901491514,1.0,10.0,0.93
48,E1,9,SR,1.0,1.0,0.6666666666666666,0.6666666666666666,,9.0,0.0,11.0,1.0,,,0,0,0,E1_9,E1_9_SR,E1_9,E1_9_SR,1.0,1.2040914960773894,0.9316080607706018,8.632161215412037,0.93
49,E1,9,T,0.8,0.8,0.75,0.75,,9.0,0.0,11.0,1.0,,,0,0,0,E1_9,E1_9_T,E1_9,E1_9_T,0.8,0.8005234954166542,0.8025800300505359,6.051600601010719,0.79
50,E1,10,K,0.8,0.8,0.55,0.55,,10.0,0.0,12.0,2.0,,,0,0,0,E1_10,E1_10_K,E1_10,E1_10_K,0.8,0.7528048311975859,0.7873235050963822,5.746470101927645,0.79
51,E2,0,K,1.0,1.0,0.4,0.4,,0.0,0.0,2.0,1.0,,,0,0,0,E2_0,E2_0_K,E2_0,E2_0_K,1.0,1.1903404811731537,0.9272116111745216,8.544232223490432,0.93
52,E2,0,PC,0.7142857142857143,0.7142857142857143,0.0357142857142857,0.03571428571428571,11.0,11.0,1.0,2.0,0.0,,,0,0,0,E2_0,E2_0_PC,E2_0,E2_0_PC,0.7142857142857143,0.49590232040211113,0.7051870993340071,4.103741986680143,0.64
53,E2,0,PE1,0.4,0.4,0.0,0.0,3.0,9.0,1.0,2.0,0.0,,,0,0,0,E2_0,E2_0_PE1,E2_0,E2_0_PE1,0.4,-0.2011587953224526,0.4823239810832565,-0.3535203783348688,0.5
54,E2,0,SR,1.0,1.0,0.75,0.75,,0.0,0.0,2.0,1.0,,,0,0,0,E2_0,E2_0_SR,E2_0,E2_0_SR,1.0,1.2040914960773894,0.9316080607706018,8.632161215412037,0.93
55,E2,0,T,0.6,0.6,0.55,0.55,,0.0,0.0,2.0,1.0,,,0,0,0,E2_0,E2_0_T,E2_0,E2_0_T,0.6,0.3223654343750149,0.649704200232222,2.9940840046444404,0.64
56,E2,1,K,0.8,0.8,0.5,0.5,,1.0,0.0,3.0,1.0,,,0,0,0,E2_1,E2_1_K,E2_1,E2_1_K,0.8,0.8523766030116593,0.8191584117575723,6.383168235151448,0.79
57,E2,1,PC,0.42857142857142855,0.4285714285714285,0.2142857142857142,0.21428571428571427,9.0,9.0,1.0,3.0,0.0,,,0,0,0,E2_1,E2_1_PC,E2_1,E2_1_PC,0.4285714285714285,-0.1616778516756111,0.49494675692619144,-0.10106486147617133,0.5
58,E2,1,PE1,0.4,0.4,0.0,0.0,2.0,2.0,1.0,3.0,0.0,,,0,0,0,E2_1,E2_1_PE1,E2_1,E2_1_PE1,0.4,-0.5974043605814181,0.3556370661563615,-2.8872586768727695,0.36
59,E2,1,SR,1.0,1.0,1.0,1.0,,1.0,0.0,3.0,1.0,,,0,0,0,E2_1,E2_1_SR,E2_1,E2_1_SR,1.0,1.2040914960773894,0.9316080607706018,8.632161215412037,0.93
60,E2,1,T,0.8,0.8,0.55,0.55,,1.0,0.0,3.0,1.0,,,0,0,0,E2_1,E2_1_T,E2_1,E2_1_T,0.8,0.6149485697163525,0.7432483506930795,4.864967013861591,0.79
61,E2,2,K,1.0,1.0,0.65,0.65,,2.0,0.0,4.0,1.0,,,0,0,0,E2_2,E2_2_K,E2_2,E2_2_K,1.0,1.1903404811731537,0.9272116111745216,8.544232223490432,0.93
62,E2,2,PC,0.2857142857142857,0.2857142857142857,0.5,0.5,,2.0,0.0,4.0,4.0,,,0,0,0,E2_2,E2_2_PC,E2_2,E2_2_PC,0.2857142857142857,-0.5353748090383794,0.3754690421032736,-2.4906191579345274,0.36
63,E2,2,PE1,0.8,0.8,0.8,0.8,,2.0,0.0,4.0,3.0,,,0,0,0,E2_2,E2_2_PE1,E2_2,E2_2_PE1,0.8,1.0675824650655206,0.8879636404545004,7.759272809090007,0.93
64,E2,2,SR,1.0,1.0,1.0,1.0,10.0,10.0,1.0,4.0,0.0,,,0,0,0,E2_2,E2_2_SR,E2_2,E2_2_SR,1.0,1.2040914960773894,0.9316080607706018,8.632161215412037,0.93
65,E2,2,T,1.0,1.0,0.95,0.95,,2.0,0.0,4.0,1.0,,,0,0,0,E2_2,E2_2_T,E2_2,E2_2_T,1.0,1.1169683986672678,0.903753221757955,8.075064435159103,0.93
66,E2,3,K,1.0,1.0,0.6,0.6,,3.0,0.0,5.0,1.0,,,0,0,0,E2_3,E2_3_K,E2_3,E2_3_K,1.0,1.1903404811731537,0.9272116111745216,8.544232223490432,0.93
67,E2,3,PC,0.42857142857142855,0.4285714285714285,0.3,0.3,,3.0,0.0,5.0,1.0,,,0,0,0,E2_3,E2_3_PC,E2_3,E2_3_PC,0.4285714285714285,-0.18623093695188922,0.4870966889423245,-0.2580662211535092,0.5
68,E2,3,PE1,0.8,0.8,0.0,0.0,9.0,9.0,1.0,5.0,0.0,,,0,0,0,E2_3,E2_3_PE1,E2_3,E2_3_PE1,0.8,0.24736075336798982,0.6257238393778467,2.5144767875569336,0.64
69,E2,3,SR,1.0,1.0,1.0,1.0,,3.0,0.0,5.0,1.0,,,0,0,0,E2_3,E2_3_SR,E2_3,E2_3_SR,1.0,1.2040914960773894,0.9316080607706018,8.632161215412037,0.93
70,E2,3,T,1.0,1.0,0.65,0.65,,3.0,0.0,5.0,1.0,,,0,0,0,E2_3,E2_3_T,E2_3,E2_3_T,1.0,1.1169683986672678,0.903753221757955,8.075064435159103,0.93
71,E2,4,K,1.0,1.0,0.35,0.35,,4.0,0.0,6.0,1.0,,,0,0,0,E2_4,E2_4_K,E2_4,E2_4_K,1.0,1.1903404811731537,0.9272116111745216,8.544232223490432,0.93
72,E2,4,PC,0.5714285714285714,0.5714285714285714,0.25,0.25,,4.0,0.0,6.0,1.0,,,0,0,0,E2_4,E2_4_PC,E2_4,E2_4_PC,0.5714285714285714,0.22787895950520057,0.6194951555057496,2.389903110114995,0.64
73,E2,4,PE1,0.8,0.8,0.0,0.0,1.0,2.0,1.0,6.0,0.0,,,0,0,0,E2_4,E2_4_PE1,E2_4,E2_4_PE1,0.8,1.0675824650655206,0.8879636404545004,7.759272809090007,0.93
74,E2,4,SR,1.0,1.0,0.5,0.5,,4.0,0.0,6.0,1.0,,,0,0,0,E2_4,E2_4_SR,E2_4,E2_4_SR,1.0,1.2040914960773894,0.9316080607706018,8.632161215412037,0.93
75,E2,4,T,0.8,0.8,0.35,0.35,,4.0,0.0,6.0,1.0,,,0,0,0,E2_4,E2_4_T,E2_4,E2_4_T,0.8,0.8005234954166542,0.8025800300505359,6.051600601010719,0.79
76,E2,5,K,1.0,1.0,0.4,0.4,7.0,7.0,1.0,7.0,0.0,,,0,0,0,E2_5,E2_5_K,E2_5,E2_5_K,1.0,1.1903404811731537,0.9272116111745216,8.544232223490432,0.93
77,E2,5,PC,0.42857142857142855,0.4285714285714285,0.6,0.6,,5.0,0.0,7.0,1.0,,,0,0,0,E2_5,E2_5_PC,E2_5,E2_5_PC,0.4285714285714285,-0.02530273783016739,0.5385483614882313,0.7709672297646257,0.5
78,E2,5,PE1,0.8,0.8,0.75,0.75,,5.0,0.0,7.0,3.0,,,0,0,0,E2_5,E2_5_PE1,E2_5,E2_5_PE1,0.8,1.0675824650655206,0.8879636404545004,7.759272809090007,0.93
79,E2,5,SR,1.0,1.0,0.6666666666666666,0.6666666666666666,,5.0,0.0,7.0,1.0,,,0,0,0,E2_5,E2_5_SR,E2_5,E2_5_SR,1.0,1.2040914960773894,0.9316080607706018,8.632161215412037,0.93
80,E2,5,T,0.8,0.8,0.55,0.55,,5.0,0.0,7.0,1.0,,,0,0,0,E2_5,E2_5_T,E2_5,E2_5_T,0.8,0.6690280196874245,0.7605385345549505,5.210770691099011,0.79
81,E2,6,K,0.8,0.8,0.7,0.7,,6.0,0.0,8.0,1.0,,,0,0,0,E2_6,E2_6_K,E2_6,E2_6_K,0.8,0.7528048311975859,0.7873235050963822,5.746470101927645,0.79
82,E2,6,PC,0.42857142857142855,0.4285714285714285,0.25,0.25,8.0,2.0,1.0,8.0,0.0,,,0,0,0,E2_6,E2_6_PC,E2_6,E2_6_PC,0.4285714285714285,-0.15012773770316584,0.49863953845995274,-0.027209230800945505,0.5
83,E2,6,PE1,1.0,1.0,0.2,0.2,10.0,10.0,1.0,8.0,0.0,,,0,0,0,E2_6,E2_6_PE1,E2_6,E2_6_PE1,1.0,1.4180046901491514,1.0,10.0,0.93
84,E2,6,SR,1.0,1.0,0.6666666666666666,0.6666666666666666,,6.0,0.0,8.0,1.0,,,0,0,0,E2_6,E2_6_SR,E2_6,E2_6_SR,1.0,1.2040914960773894,0.9316080607706018,8.632161215412037,0.93
85,E2,6,T,1.0,1.0,0.65,0.65,,6.0,0.0,8.0,1.0,,,0,0,0,E2_6,E2_6_T,E2_6,E2_6_T,1.0,1.1169683986672678,0.903753221757955,8.075064435159103,0.93
86,E2,7,K,0.8,0.8,0.7,0.7,,7.0,0.0,9.0,2.0,,,0,0,0,E2_7,E2_7_K,E2_7,E2_7_K,0.8,0.8523766030116593,0.8191584117575723,6.383168235151448,0.79
87,E2,7,PC,0.42857142857142855,0.4285714285714285,0.1,0.1,,7.0,0.0,9.0,1.0,,,0,0,0,E2_7,E2_7_PC,E2_7,E2_7_PC,0.4285714285714285,-0.0939250410241337,0.5166085629162523,0.33217125832504735,0.5
88,E2,7,PE1,0.8,0.8,0.1,0.1,5.0,5.0,1.0,9.0,0.0,,,0,0,0,E2_7,E2_7_PE1,E2_7,E2_7_PE1,0.8,1.2811465796938228,0.9562439726360634,9.12487945272127,0.93
89,E2,7,SR,0.6666666666666666,0.6666666666666666,0.4166666666666667,0.4166666666666667,,7.0,0.0,9.0,1.0,,,0,0,0,E2_7,E2_7_SR,E2_7,E2_7_SR,0.6666666666666666,0.6069333174809116,0.7406857287558339,4.8137145751166805,0.79
90,E2,7,T,0.8,0.8,0.45,0.45,,7.0,0.0,9.0,1.0,,,0,0,0,E2_7,E2_7_T,E2_7,E2_7_T,0.8,0.6149485697163525,0.7432483506930795,4.864967013861591,0.79
91,E2,8,K,0.8,0.8,0.85,0.85,,8.0,0.0,10.0,2.0,,,0,0,0,E2_8,E2_8_K,E2_8,E2_8_K,0.8,0.8149095169839915,0.8071795028275918,6.143590056551837,0.79
92,E2,8,PC,0.5714285714285714,0.5714285714285714,0.6785714285714286,0.6785714285714286,2.0,2.0,1.0,10.0,0.0,,,0,0,0,E2_8,E2_8_PC,E2_8,E2_8_PC,0.5714285714285714,0.1035519423355953,0.5797455466060598,1.5949109321211967,0.64
93,E2,8,PE1,0.8,0.8,0.7,0.7,5.0,5.0,1.0,10.0,0.0,,,0,0,0,E2_8,E2_8_PE1,E2_8,E2_8_PE1,0.8,1.0675824650655206,0.8879636404545004,7.759272809090007,0.93
94,E2,8,SR,0.6666666666666666,0.6666666666666666,1.0,1.0,,8.0,0.0,10.0,1.0,,,0,0,0,E2_8,E2_8_SR,E2_8,E2_8_SR,0.6666666666666666,0.6069333174809116,0.7406857287558339,4.8137145751166805,0.79
95,E2,8,T,0.6,0.6,0.65,0.65,,8.0,0.0,10.0,1.0,,,0,0,0,E2_8,E2_8_T,E2_8,E2_8_T,0.6,0.23007994054709305,0.6201988491807254,2.403976983614509,0.64
96,E2,9,K,0.8,0.8,0.45,0.45,,9.0,0.0,11.0,1.0,,,0,0,0,E2_9,E2_9_K,E2_9,E2_9_K,0.8,0.8523766030116593,0.8191584117575723,6.383168235151448,0.79
97,E2,9,PC,0.42857142857142855,0.4285714285714285,0.15,0.15,,9.0,0.0,11.0,2.0,,,0,0,0,E2_9,E2_9_PC,E2_9,E2_9_PC,0.4285714285714285,-0.2890248011099707,0.4542316207488401,-0.9153675850231977,0.5
98,E2,9,PE1,1.0,1.0,0.65,0.65,,9.0,0.0,11.0,3.0,,,0,0,0,E2_9,E2_9_PE1,E2_9,E2_9_PE1,1.0,1.4180046901491514,1.0,10.0,0.93
99,E2,9,SR,1.0,1.0,1.0,1.0,,9.0,0.0,11.0,1.0,,,0,0,0,E2_9,E2_9_SR,E2_9,E2_9_SR,1.0,1.2040914960773894,0.9316080607706018,8.632161215412037,0.93
100,E2,9,T,0.8,0.8,0.5,0.5,,9.0,0.0,11.0,1.0,,,0,0,0,E2_9,E2_9_T,E2_9,E2_9_T,0.8,0.5840384296544695,0.7333658166593195,4.667316333186392,0.79
101,E2,10,K,0.8,0.8,0.25,0.25,8.0,8.0,1.0,12.0,0.0,,,0,0,0,E2_10,E2_10_K,E2_10,E2_10_K,0.8,0.7528048311975859,0.7873235050963822,5.746470101927645,0.79
102,E2,10,PC,0.42857142857142855,0.4285714285714285,0.3571428571428571,0.35714285714285715,2.0,2.0,1.0,12.0,0.0,,,0,0,0,E2_10,E2_10_PC,E2_10,E2_10_PC,0.4285714285714285,-0.02530273783016739,0.5385483614882313,0.7709672297646257,0.5
103,E2,10,PE1,1.0,1.0,0.55,0.55,,10.0,0.0,12.0,3.0,,,0,0,0,E2_10,E2_10_PE1,E2_10,E2_10_PE1,1.0,1.4180046901491514,1.0,10.0,0.93
104,E2,10,SR,1.0,1.0,1.0,1.0,,10.0,0.0,12.0,2.0,,,0,0,0,E2_10,E2_10_SR,E2_10,E2_10_SR,1.0,1.2040914960773894,0.9316080607706018,8.632161215412037,0.93
105,E2,10,T,1.0,1.0,0.6,0.6,,10.0,0.0,12.0,1.0,,,0,0,0,E2_10,E2_10_T,E2_10,E2_10_T,1.0,1.1169683986672678,0.903753221757955,8.075064435159103,0.93
106,E2,11,K,0.8,0.8,0.45,0.45,,11.0,0.0,13.0,1.0,,,0,0,0,E2_11,E2_11_K,E2_11,E2_11_K,0.8,0.8523766030116593,0.8191584117575723,6.383168235151448,0.79
107,E2,11,PC,0.2857142857142857,0.2857142857142857,0.25,0.25,,11.0,0.0,13.0,2.0,,,0,0,0,E2_11,E2_11_PC,E2_11,E2_11_PC,0.2857142857142857,-0.3999966145092059,0.4187519134259224,-1.6249617314815517,0.36
108,E2,11,PE1,0.4,0.4,0.1,0.1,10.0,10.0,1.0,13.0,0.0,,,0,0,0,E2_11,E2_11_PE1,E2_11,E2_11_PE1,0.4,-0.6564709761464805,0.33675239473746443,-3.2649521052507104,0.36
109,E2,11,SR,1.0,1.0,1.0,1.0,,11.0,0.0,13.0,1.0,,,0,0,0,E2_11,E2_11_SR,E2_11,E2_11_SR,1.0,1.2040914960773894,0.9316080607706018,8.632161215412037,0.93
110,E2,11,T,0.4,0.4,0.15,0.15,,11.0,0.0,13.0,1.0,,,0,0,0,E2_11,E2_11_T,E2_11,E2_11_T,0.4,-0.09011165020775885,0.5178277733258915,0.35655546651783077,0.5
111,E3,0,K,0.8,0.8,0.75,0.75,,0.0,0.0,2.0,1.0,,,0,0,0,E3_0,E3_0_K,E3_0,E3_0_K,0.8,0.7528048311975859,0.7873235050963822,5.746470101927645,0.79
112,E3,0,PC,0.5714285714285714,0.5714285714285714,0.2857142857142857,0.2857142857142857,,0.0,0.0,2.0,2.0,,,0,0,0,E3_0,E3_0_PC,E3_0,E3_0_PC,0.5714285714285714,0.20253304390543245,0.6113916052458659,2.2278321049173186,0.64
113,E3,0,PE3,0.6,0.6,0.25,0.25,26.0,10.0,1.0,2.0,0.0,,,0,0,0,E3_0,E3_0_PE3,E3_0,E3_0_PE3,0.6,-0.18739520299690363,0.48672445190971414,-0.26551096180571676,0.5
114,E3,0,SR,1.0,1.0,0.75,0.75,,0.0,0.0,2.0,1.0,,,0,0,0,E3_0,E3_0_SR,E3_0,E3_0_SR,1.0,1.2040914960773894,0.9316080607706018,8.632161215412037,0.93
115,E3,0,T,0.8,0.8,0.3,0.3,,0.0,0.0,2.0,1.0,,,0,0,0,E3_0,E3_0_T,E3_0,E3_0_T,0.8,0.8005234954166542,0.8025800300505359,6.051600601010719,0.79
116,E3,1,K,0.6,0.6,0.35,0.35,,1.0,0.0,3.0,1.0,,,0,0,0,E3_1,E3_1_K,E3_1,E3_1_K,0.6,0.4079467555877162,0.677066105349618,3.541322106992361,0.64
117,E3,1,PC,0.42857142857142855,0.4285714285714285,0.17857142857142852,0.17857142857142858,,1.0,0.0,3.0,1.0,,,0,0,0,E3_1,E3_1_PC,E3_1,E3_1_PC,0.4285714285714285,-0.10548550639265687,0.5129124718528728,0.25824943705745795,0.5
118,E3,1,PE3,0.6,0.6,0.5,0.5,,1.0,0.0,3.0,1.0,,,0,0,0,E3_1,E3_1_PE3,E3_1,E3_1_PE3,0.6,0.27185448995678124,0.6335549325067704,2.6710986501354093,0.64
119,E3,1,SR,1.0,1.0,1.0,1.0,20.0,20.0,1.0,3.0,0.0,,,0,0,0,E3_1,E3_1_SR,E3_1,E3_1_SR,1.0,1.2040914960773894,0.9316080607706018,8.632161215412037,0.93
120,E3,1,T,0.8,0.8,0.45,0.45,,1.0,0.0,3.0,1.0,,,0,0,0,E3_1,E3_1_T,E3_1,E3_1_T,0.8,0.8005234954166542,0.8025800300505359,6.051600601010719,0.79
121,E3,2,K,1.0,1.0,0.4,0.4,,2.0,0.0,4.0,1.0,,,0,0,0,E3_2,E3_2_K,E3_2,E3_2_K,1.0,1.1903404811731537,0.9272116111745216,8.544232223490432,0.93
122,E3,2,PC,0.7142857142857143,0.7142857142857143,0.3928571428571428,0.39285714285714285,,2.0,0.0,4.0,1.0,,,0,0,0,E3_2,E3_2_PC,E3_2,E3_2_PC,0.7142857142857143,0.5579358560320384,0.725020349065968,4.500406981319362,0.79
123,E3,2,PE3,0.6,0.6,0.25,0.25,7.0,7.0,1.0,4.0,0.0,,,0,0,0,E3_2,E3_2_PE3,E3_2,E3_2_PE3,0.6,0.10055111325855888,0.5787861269649991,1.5757225392999814,0.64
124,E3,2,SR,1.0,1.0,0.6666666666666666,0.6666666666666666,,2.0,0.0,4.0,1.0,,,0,0,0,E3_2,E3_2_SR,E3_2,E3_2_SR,1.0,1.2040914960773894,0.9316080607706018,8.632161215412037,0.93
125,E3,2,T,0.8,0.8,0.75,0.75,,2.0,0.0,4.0,1.0,,,0,0,0,E3_2,E3_2_T,E3_2,E3_2_T,0.8,0.8005234954166542,0.8025800300505359,6.051600601010719,0.79
126,E3,3,K,1.0,1.0,0.9,0.9,,3.0,0.0,5.0,1.0,,,0,0,0,E3_3,E3_3_K,E3_3,E3_3_K,1.0,1.1903404811731537,0.9272116111745216,8.544232223490432,0.93
127,E3,3,PC,0.7142857142857143,0.7142857142857143,0.6071428571428571,0.6071428571428571,,3.0,0.0,5.0,2.0,,,0,0,0,E3_3,E3_3_PC,E3_3,E3_3_PC,0.7142857142857143,0.4655089585185895,0.6954697886840732,3.9093957736814655,0.64
128,E3,3,PE3,0.4,0.4,0.35,0.35,,3.0,0.0,5.0,2.0,,,0,0,0,E3_3,E3_3_PE3,E3_3,E3_3_PE3,0.4,-0.4720703339251192,0.3957086343064671,-2.0858273138706585,0.36
129,E3,3,SR,1.0,1.0,1.0,1.0,9.0,3.0,1.0,5.0,2.0,,,0,0,0,E3_3,E3_3_SR,E3_3,E3_3_SR,1.0,1.2040914960773894,0.9316080607706018,8.632161215412037,0.93
130,E3,3,T,0.6,0.6,0.3,0.3,,3.0,0.0,5.0,1.0,,,0,0,0,E3_3,E3_3_T,E3_3,E3_3_T,0.6,0.19753582101435557,0.6097939021880189,2.195878043760377,0.64
131,E3,4,K,0.8,0.8,0.25,0.25,,4.0,0.0,6.0,1.0,,,0,0,0,E3_4,E3_4_K,E3_4,E3_4_K,0.8,0.7528048311975859,0.7873235050963822,5.746470101927645,0.79
132,E3,4,PC,0.5714285714285714,0.5714285714285714,0.2142857142857142,0.21428571428571427,,4.0,0.0,6.0,1.0,,,0,0,0,E3_4,E3_4_PC,E3_4,E3_4_PC,0.5714285714285714,0.0786411959192758,0.5717811278498595,1.43562255699719,0.64
133,E3,4,PE3,0.8,0.8,0.55,0.55,,4.0,0.0,6.0,2.0,,,0,0,0,E3_4,E3_4_PE3,E3_4,E3_4_PE3,0.8,0.5071707045670932,0.7087898067236524,4.175796134473051,0.64
134,E3,4,SR,0.6666666666666666,0.6666666666666666,1.0,1.0,,4.0,0.0,6.0,1.0,,,0,0,0,E3_4,E3_4_SR,E3_4,E3_4_SR,0.6666666666666666,0.6069333174809116,0.7406857287558339,4.8137145751166805,0.79
135,E3,4,T,0.6,0.6,0.35,0.35,,4.0,0.0,6.0,1.0,,,0,0,0,E3_4,E3_4_T,E3_4,E3_4_T,0.6,0.10556545080142317,0.5803893018883384,1.6077860377667683,0.64
136,E3,5,K,0.4,0.4,0.3,0.3,19.0,19.0,1.0,7.0,0.0,,,0,0,0,E3_5,E3_5_K,E3_5,E3_5_K,0.4,-0.00938252067925779,0.543638344500399,0.8727668900079824,0.5
137,E3,5,PC,0.42857142857142855,0.4285714285714285,0.1071428571428571,0.10714285714285714,,5.0,0.0,7.0,1.0,,,0,0,0,E3_5,E3_5_PC,E3_5,E3_5_PC,0.4285714285714285,-0.15012773770316584,0.49863953845995274,-0.027209230800945505,0.5
138,E3,5,PE3,0.2,0.2,0.0,0.0,22.0,10.0,1.0,7.0,0.0,,,0,0,0,E3_5,E3_5_PE3,E3_5,E3_5_PE3,0.2,-0.6898488916747926,0.3260808679982092,-3.4783826400358153,0.36
139,E3,5,SR,1.0,1.0,1.0,1.0,19.0,19.0,1.0,7.0,0.0,,,0,0,0,E3_5,E3_5_SR,E3_5,E3_5_SR,1.0,1.2040914960773894,0.9316080607706018,8.632161215412037,0.93
140,E3,5,T,1.0,1.0,0.65,0.65,,5.0,0.0,7.0,1.0,,,0,0,0,E3_5,E3_5_T,E3_5,E3_5_T,1.0,1.1169683986672678,0.903753221757955,8.075064435159103,0.93
141,E3,6,K,0.8,0.8,0.5,0.5,,6.0,0.0,8.0,1.0,,,0,0,0,E3_6,E3_6_K,E3_6,E3_6_K,0.8,0.7528048311975859,0.7873235050963822,5.746470101927645,0.79
142,E3,6,PC,0.42857142857142855,0.4285714285714285,0.3571428571428571,0.35714285714285715,3.0,3.0,1.0,8.0,0.0,,,0,0,0,E3_6,E3_6_PC,E3_6,E3_6_PC,0.4285714285714285,-0.34215957127259006,0.4372434682054734,-1.2551306358905308,0.5
143,E3,6,PE3,0.8,0.8,0.15,0.15,10.0,10.0,1.0,8.0,0.0,,,0,0,0,E3_6,E3_6_PE3,E3_6,E3_6_PE3,0.8,0.7858651974439309,0.7978935055539657,5.957870111079313,0.79
144,E3,6,SR,1.0,1.0,1.0,1.0,,6.0,0.0,8.0,1.0,,,0,0,0,E3_6,E3_6_SR,E3_6,E3_6_SR,1.0,1.2040914960773894,0.9316080607706018,8.632161215412037,0.93
145,E3,6,T,0.4,0.4,0.45,0.45,,6.0,0.0,8.0,1.0,,,0,0,0,E3_6,E3_6_T,E3_6,E3_6_T,0.4,-0.09011165020775885,0.5178277733258915,0.35655546651783077,0.5
146,E3,7,K,0.8,0.8,0.6,0.6,,7.0,0.0,9.0,1.0,,,0,0,0,E3_7,E3_7_K,E3_7,E3_7_K,0.8,0.6782440457054066,0.76348506571257,5.269701314251401,0.79
147,E3,7,PC,0.2857142857142857,0.2857142857142857,0.3928571428571428,0.39285714285714285,,7.0,0.0,9.0,1.0,,,0,0,0,E3_7,E3_7_PC,E3_7,E3_7_PC,0.2857142857142857,-0.3999966145092059,0.4187519134259224,-1.6249617314815517,0.36
148,E3,7,PE3,0.4,0.4,0.05,0.05,28.0,7.0,1.0,9.0,3.0,,,0,0,0,E3_7,E3_7_PE3,E3_7,E3_7_PE3,0.4,-0.4720703339251192,0.3957086343064671,-2.0858273138706585,0.36
149,E3,7,SR,1.0,1.0,1.0,1.0,,7.0,0.0,9.0,1.0,,,0,0,0,E3_7,E3_7_SR,E3_7,E3_7_SR,1.0,1.2040914960773894,0.9316080607706018,8.632161215412037,0.93
150,E3,7,T,0.4,0.4,0.45,0.45,,7.0,0.0,9.0,1.0,,,0,0,0,E3_7,E3_7_T,E3_7,E3_7_T,0.4,-0.18318839440289938,0.4880694451391375,-0.23861109721724816,0.5
151,E3,8,K,0.8,0.8,0.75,0.75,,8.0,0.0,10.0,2.0,,,0,0,0,E3_8,E3_8_K,E3_8,E3_8_K,0.8,0.7528048311975859,0.7873235050963822,5.746470101927645,0.79
152,E3,8,PC,0.2857142857142857,0.2857142857142857,0.3928571428571428,0.39285714285714285,23.0,23.0,1.0,10.0,0.0,,,0,0,0,E3_8,E3_8_PC,E3_8,E3_8_PC,0.2857142857142857,-0.411684007976412,0.41501524114056965,-1.6996951771886053,0.36
153,E3,8,PE3,0.8,0.8,0.75,0.75,,8.0,0.0,10.0,2.0,,,0,0,0,E3_8,E3_8_PE3,E3_8,E3_8_PE3,0.8,0.38228535311185563,0.6688616881967357,3.3772337639347167,0.64
154,E3,8,SR,1.0,1.0,0.75,0.75,,8.0,0.0,10.0,1.0,,,0,0,0,E3_8,E3_8_SR,E3_8,E3_8_SR,1.0,1.2040914960773894,0.9316080607706018,8.632161215412037,0.93
155,E3,8,T,0.4,0.4,0.2,0.2,21.0,21.0,1.0,10.0,0.0,,,0,0,0,E3_8,E3_8_T,E3_8,E3_8_T,0.4,-0.09011165020775885,0.5178277733258915,0.35655546651783077,0.5
156,E3,9,K,1.0,1.0,1.0,1.0,,9.0,0.0,11.0,1.0,,,0,0,0,E3_9,E3_9_K,E3_9,E3_9_K,1.0,1.1903404811731537,0.9272116111745216,8.544232223490432,0.93
157,E3,9,PC,0.42857142857142855,0.4285714285714285,0.5,0.5,,9.0,0.0,11.0,2.0,,,0,0,0,E3_9,E3_9_PC,E3_9,E3_9_PC,0.4285714285714285,-0.15838069972519978,0.4960009163799882,-0.07998167240023513,0.5
158,E3,9,PE3,1.0,1.0,0.65,0.65,,9.0,0.0,11.0,1.0,,,0,0,0,E3_9,E3_9_PE3,E3_9,E3_9_PE3,1.0,1.3329180227336987,0.9727962446993453,9.45592489398691,0.93
159,E3,9,SR,1.0,1.0,0.75,0.75,3.0,9.0,1.0,11.0,1.0,,,0,0,0,E3_9,E3_9_SR,E3_9,E3_9_SR,1.0,1.2040914960773894,0.9316080607706018,8.632161215412037,0.93
160,E3,9,T,0.8,0.8,0.6,0.6,,9.0,0.0,11.0,1.0,,,0,0,0,E3_9,E3_9_T,E3_9,E3_9_T,0.8,0.6690280196874245,0.7605385345549505,5.210770691099011,0.79
161,E3,10,K,0.6,0.6,0.55,0.55,,10.0,0.0,12.0,1.0,,,0,0,0,E3_10,E3_10_K,E3_10,E3_10_K,0.6,0.44270936724997617,0.6881803446305427,3.763606892610854,0.64
162,E3,10,PC,0.5714285714285714,0.5714285714285714,0.1428571428571428,0.14285714285714285,,10.0,0.0,12.0,1.0,,,0,0,0,E3_10,E3_10_PC,E3_10,E3_10_PC,0.5714285714285714,0.22787895950520057,0.6194951555057496,2.389903110114995,0.64
163,E3,10,PE3,0.6,0.6,0.2,0.2,,10.0,0.0,12.0,7.0,,,0,0,0,E3_10,E3_10_PE3,E3_10,E3_10_PE3,0.6,0.0003942704880265137,0.5467641624765782,0.9352832495315653,0.5
164,E3,10,SR,1.0,1.0,0.6666666666666666,0.6666666666666666,,10.0,0.0,12.0,1.0,,,0,0,0,E3_10,E3_10_SR,E3_10,E3_10_SR,1.0,1.2040914960773894,0.9316080607706018,8.632161215412037,0.93
165,E3,10,T,0.6,0.6,0.3,0.3,,10.0,0.0,12.0,1.0,,,0,0,0,E3_10,E3_10_T,E3_10,E3_10_T,0.6,0.3223654343750149,0.649704200232222,2.9940840046444404,0.64
166,E3,11,K,0.6,0.6,0.3,0.3,,11.0,0.0,13.0,1.0,,,0,0,0,E3_11,E3_11_K,E3_11,E3_11_K,0.6,0.28044838032667146,0.6363025555810371,2.726051111620743,0.64
167,E3,11,PC,0.14285714285714285,0.1428571428571428,0.2857142857142857,0.2857142857142857,9.0,9.0,1.0,13.0,0.0,,,0,0,0,E3_11,E3_11_PC,E3_11,E3_11_PC,0.1428571428571428,-0.8003057354226218,0.29076580584015277,-4.184683883196944,0.36
168,E3,11,PE3,0.6,0.6,0.0,0.0,8.0,8.0,1.0,13.0,0.0,,,0,0,0,E3_11,E3_11_PE3,E3_11,E3_11_PE3,0.6,0.04341806065331637,0.5605196507958998,1.2103930159179956,0.5
169,E3,11,SR,0.6666666666666666,0.6666666666666666,0.8333333333333334,0.8333333333333334,,11.0,0.0,13.0,1.0,,,0,0,0,E3_11,E3_11_SR,E3_11,E3_11_SR,0.6666666666666666,0.44031319577251515,0.6874142450227982,3.7482849004559675,0.64
170,E3,11,T,1.0,1.0,0.5,0.5,,11.0,0.0,13.0,1.0,,,0,0,0,E3_11,E3_11_T,E3_11,E3_11_T,1.0,1.1169683986672678,0.903753221757955,8.075064435159103,0.93
171,E3,12,K,0.8,0.8,0.5,0.5,,12.0,0.0,14.0,1.0,,,0,0,0,E3_12,E3_12_K,E3_12,E3_12_K,0.8,0.7528048311975859,0.7873235050963822,5.746470101927645,0.79
172,E3,12,PC,0.5714285714285714,0.5714285714285714,0.32142857142857145,0.32142857142857145,,12.0,0.0,14.0,1.0,,,0,0,0,E3_12,E3_12_PC,E3_12,E3_12_PC,0.5714285714285714,0.23129083239530832,0.6205859933307433,2.4117198666148667,0.64
173,E3,12,PE3,0.8,0.8,0.0,0.0,4.0,4.0,1.0,14.0,0.0,,,0,0,0,E3_12,E3_12_PE3,E3_12,E3_12_PE3,0.8,0.38228535311185563,0.6688616881967357,3.3772337639347167,0.64
174,E3,12,SR,1.0,1.0,0.75,0.75,,12.0,0.0,14.0,1.0,,,0,0,0,E3_12,E3_12_SR,E3_12,E3_12_SR,1.0,1.2040914960773894,0.9316080607706018,8.632161215412037,0.93
175,E3,12,T,1.0,1.0,0.3,0.3,,12.0,0.0,14.0,1.0,,,0,0,0,E3_12,E3_12_T,E3_12,E3_12_T,1.0,1.1169683986672678,0.903753221757955,8.075064435159103,0.93
176,E3,13,K,0.8,0.8,0.7,0.7,,13.0,0.0,15.0,1.0,,,0,0,0,E3_13,E3_13_K,E3_13,E3_13_K,0.8,0.7528048311975859,0.7873235050963822,5.746470101927645,0.79
177,E3,13,PC,0.2857142857142857,0.2857142857142857,0.6785714285714286,0.6785714285714286,,13.0,0.0,15.0,1.0,,,0,0,0,E3_13,E3_13_PC,E3_13,E3_13_PC,0.2857142857142857,-0.564044740145624,0.36630274362175075,-2.673945127564985,0.36
178,E3,13,PE3,0.6,0.6,0.3,0.3,7.0,7.0,1.0,15.0,0.0,,,0,0,0,E3_13,E3_13_PE3,E3_13,E3_13_PE3,0.6,-0.18739520299690363,0.48672445190971414,-0.26551096180571676,0.5
179,E3,13,SR,1.0,1.0,1.0,1.0,,13.0,0.0,15.0,1.0,,,0,0,0,E3_13,E3_13_SR,E3_13,E3_13_SR,1.0,1.2040914960773894,0.9316080607706018,8.632161215412037,0.93
180,E3,13,T,0.8,0.8,0.9,0.9,,13.0,0.0,15.0,1.0,,,0,0,0,E3_13,E3_13_T,E3_13,E3_13_T,0.8,0.6690280196874245,0.7605385345549505,5.210770691099011,0.79
181,E3,14,K,0.8,0.8,0.35,0.35,,14.0,0.0,16.0,1.0,,,0,0,0,E3_14,E3_14_K,E3_14,E3_14_K,0.8,0.7528048311975859,0.7873235050963822,5.746470101927645,0.79
182,E3,14,PC,0.5714285714285714,0.5714285714285714,0.2857142857142857,0.2857142857142857,,14.0,0.0,16.0,1.0,,,0,0,0,E3_14,E3_14_PC,E3_14,E3_14_PC,0.5714285714285714,0.23129083239530832,0.6205859933307433,2.4117198666148667,0.64
183,E3,14,PE3,1.0,1.0,0.4,0.4,,14.0,0.0,16.0,1.0,,,0,0,0,E3_14,E3_14_PE3,E3_14,E3_14_PE3,1.0,1.3329180227336987,0.9727962446993453,9.45592489398691,0.93
184,E3,14,SR,0.6666666666666666,0.6666666666666666,0.8333333333333334,0.8333333333333334,,14.0,0.0,16.0,1.0,,,0,0,0,E3_14,E3_14_SR,E3_14,E3_14_SR,0.6666666666666666,0.6069333174809116,0.7406857287558339,4.8137145751166805,0.79
185,E3,14,T,0.8,0.8,0.2,0.2,,14.0,0.0,16.0,1.0,,,0,0,0,E3_14,E3_14_T,E3_14,E3_14_T,0.8,0.8005234954166542,0.8025800300505359,6.051600601010719,0.79
186,E3,15,K,0.8,0.8,0.5,0.5,,15.0,0.0,17.0,1.0,,,0,0,0,E3_15,E3_15_K,E3_15,E3_15_K,0.8,0.7528048311975859,0.7873235050963822,5.746470101927645,0.79
187,E3,15,PC,0.42857142857142855,0.4285714285714285,0.5357142857142857,0.5357142857142857,,15.0,0.0,17.0,1.0,,,0,0,0,E3_15,E3_15_PC,E3_15,E3_15_PC,0.4285714285714285,-0.1616778516756111,0.49494675692619144,-0.10106486147617133,0.5
188,E3,15,PE3,0.6,0.6,0.5,0.5,,15.0,0.0,17.0,1.0,,,0,0,0,E3_15,E3_15_PE3,E3_15,E3_15_PE3,0.6,0.14617224075785468,0.5933720312756129,1.8674406255122573,0.64
189,E3,15,SR,1.0,1.0,1.0,1.0,20.0,20.0,1.0,17.0,0.0,,,0,0,0,E3_15,E3_15_SR,E3_15,E3_15_SR,1.0,1.2040914960773894,0.9316080607706018,8.632161215412037,0.93
190,E3,15,T,0.8,0.8,0.55,0.55,,15.0,0.0,17.0,1.0,,,0,0,0,E3_15,E3_15_T,E3_15,E3_15_T,0.8,0.8005234954166542,0.8025800300505359,6.051600601010719,0.79
191,E3,16,K,0.8,0.8,0.2,0.2,,16.0,0.0,18.0,1.0,,,0,0,0,E3_16,E3_16_K,E3_16,E3_16_K,0.8,0.7528048311975859,0.7873235050963822,5.746470101927645,0.79
192,E3,16,PC,0.42857142857142855,0.4285714285714285,0.0,0.0,,16.0,0.0,18.0,1.0,,,0,0,0,E3_16,E3_16_PC,E3_16,E3_16_PC,0.4285714285714285,-0.1616778516756111,0.49494675692619144,-0.10106486147617133,0.5
193,E3,16,PE3,0.4,0.4,0.0,0.0,,16.0,0.0,18.0,1.0,,,0,0,0,E3_16,E3_16_PE3,E3_16,E3_16_PE3,0.4,-0.04804124856676157,0.5312784459918432,0.6255689198368639,0.5
194,E3,16,SR,1.0,1.0,0.5833333333333334,0.5833333333333334,,16.0,0.0,18.0,1.0,,,0,0,0,E3_16,E3_16_SR,E3_16,E3_16_SR,1.0,1.2040914960773894,0.9316080607706018,8.632161215412037,0.93
195,E3,16,T,0.8,0.8,0.3,0.3,,16.0,0.0,18.0,5.0,,,0,0,0,E3_16,E3_16_T,E3_16,E3_16_T,0.8,0.8005234954166542,0.8025800300505359,6.051600601010719,0.79
196,E3,17,K,0.6,0.6,0.45,0.45,,17.0,0.0,19.0,1.0,,,0,0,0,E3_17,E3_17_K,E3_17,E3_17_K,0.6,0.28044838032667146,0.6363025555810371,2.726051111620743,0.64
197,E3,17,PC,0.42857142857142855,0.4285714285714285,0.25,0.25,,17.0,0.0,19.0,1.0,,,0,0,0,E3_17,E3_17_PC,E3_17,E3_17_PC,0.4285714285714285,-0.2741348627061185,0.4589922049047857,-0.8201559019042843,0.5
198,E3,17,PE3,0.6,0.6,0.15,0.15,,17.0,0.0,19.0,1.0,,,0,0,0,E3_17,E3_17_PE3,E3_17,E3_17_PE3,0.6,-0.18739520299690363,0.48672445190971414,-0.26551096180571676,0.5
199,E3,17,SR,1.0,1.0,0.75,0.75,,17.0,0.0,19.0,1.0,,,0,0,0,E3_17,E3_17_SR,E3_17,E3_17_SR,1.0,1.2040914960773894,0.9316080607706018,8.632161215412037,0.93
200,E3,17,T,0.6,0.6,0.25,0.25,,17.0,0.0,19.0,2.0,,,0,0,0,E3_17,E3_17_T,E3_17,E3_17_T,0.6,0.11569861238231782,0.5836290579681328,1.6725811593626556,0.64
201,E3,18,K,0.8,0.8,0.7,0.7,20.0,20.0,1.0,20.0,0.0,,,0,0,0,E3_18,E3_18_K,E3_18,E3_18_K,0.8,0.7528048311975859,0.7873235050963822,5.746470101927645,0.79
202,E3,18,PC,0.42857142857142855,0.4285714285714285,0.3571428571428571,0.35714285714285715,23.0,23.0,1.0,20.0,0.0,,,0,0,0,E3_18,E3_18_PC,E3_18,E3_18_PC,0.4285714285714285,-0.18623093695188922,0.4870966889423245,-0.2580662211535092,0.5
203,E3,18,PE3,0.4,0.4,0.0,0.0,,18.0,0.0,20.0,1.0,,,0,0,0,E3_18,E3_18_PE3,E3_18,E3_18_PE3,0.4,0.26608553994351486,0.6317104942502298,2.634209885004598,0.64
204,E3,18,SR,0.6666666666666666,0.6666666666666666,0.1666666666666666,0.16666666666666666,27.0,27.0,1.0,20.0,0.0,,,0,0,0,E3_18,E3_18_SR,E3_18,E3_18_SR,0.6666666666666666,0.6069333174809116,0.7406857287558339,4.8137145751166805,0.79
205,E3,18,T,1.0,1.0,0.5,0.5,,18.0,0.0,20.0,1.0,,,0,0,0,E3_18,E3_18_T,E3_18,E3_18_T,1.0,1.1169683986672678,0.903753221757955,8.075064435159103,0.93
206,E3,19,K,0.6,0.6,0.35,0.35,,19.0,0.0,21.0,2.0,,,0,0,0,E3_19,E3_19_K,E3_19,E3_19_K,0.6,0.44270936724997617,0.6881803446305427,3.763606892610854,0.64
207,E3,19,PC,0.2857142857142857,0.2857142857142857,0.0714285714285714,0.07142857142857142,,19.0,0.0,21.0,3.0,,,0,0,0,E3_19,E3_19_PC,E3_19,E3_19_PC,0.2857142857142857,-0.411684007976412,0.41501524114056965,-1.6996951771886053,0.36
208,E3,19,PE3,0.8,0.8,0.4,0.4,3.0,3.0,1.0,21.0,0.0,,,0,0,0,E3_19,E3_19_PE3,E3_19,E3_19_PE3,0.8,0.38228535311185563,0.6688616881967357,3.3772337639347167,0.64
209,E3,19,SR,1.0,1.0,0.5,0.5,,19.0,0.0,21.0,2.0,,,0,0,0,E3_19,E3_19_SR,E3_19,E3_19_SR,1.0,1.2040914960773894,0.9316080607706018,8.632161215412037,0.93
210,E3,19,T,0.8,0.8,0.65,0.65,,19.0,0.0,21.0,1.0,,,0,0,0,E3_19,E3_19_T,E3_19,E3_19_T,0.8,0.8005234954166542,0.8025800300505359,6.051600601010719,0.79
211,E3,20,K,0.6,0.6,0.5,0.5,,20.0,0.0,22.0,2.0,,,0,0,0,E3_20,E3_20_K,E3_20,E3_20_K,0.6,0.4079467555877162,0.677066105349618,3.541322106992361,0.64
212,E3,20,PC,0.42857142857142855,0.4285714285714285,0.17857142857142852,0.17857142857142858,,20.0,0.0,22.0,1.0,,,0,0,0,E3_20,E3_20_PC,E3_20,E3_20_PC,0.4285714285714285,-0.2301494379243997,0.47305514530312964,-0.5388970939374076,0.5
213,E3,20,PE3,0.4,0.4,0.8,0.8,,20.0,0.0,22.0,2.0,,,0,0,0,E3_20,E3_20_PE3,E3_20,E3_20_PE3,0.4,-0.27714707713755654,0.4580291451588229,-0.8394170968235404,0.5
214,E3,20,SR,1.0,1.0,0.9166666666666666,0.9166666666666666,,20.0,0.0,22.0,3.0,,,0,0,0,E3_20,E3_20_SR,E3_20,E3_20_SR,1.0,1.2040914960773894,0.9316080607706018,8.632161215412037,0.93
215,E3,20,T,0.8,0.8,0.55,0.55,,20.0,0.0,22.0,1.0,,,0,0,0,E3_20,E3_20_T,E3_20,E3_20_T,0.8,0.8005234954166542,0.8025800300505359,6.051600601010719,0.79
216,E3,21,K,0.8,0.8,0.35,0.35,8.0,8.0,1.0,23.0,0.0,,,0,0,0,E3_21,E3_21_K,E3_21,E3_21_K,0.8,0.6782440457054066,0.76348506571257,5.269701314251401,0.79
217,E3,21,PC,0.5714285714285714,0.5714285714285714,0.1071428571428571,0.10714285714285714,,21.0,0.0,23.0,1.0,,,0,0,0,E3_21,E3_21_PC,E3_21,E3_21_PC,0.5714285714285714,0.2862948096917687,0.6381717653957086,2.7634353079141736,0.64
218,E3,21,PE3,0.6,0.6,0.1,0.1,23.0,23.0,1.0,23.0,0.0,,,0,0,0,E3_21,E3_21_PE3,E3_21,E3_21_PE3,0.6,0.0003942704880265137,0.5467641624765782,0.9352832495315653,0.5
219,E3,21,SR,1.0,1.0,1.0,1.0,,21.0,0.0,23.0,1.0,,,0,0,0,E3_21,E3_21_SR,E3_21,E3_21_SR,1.0,1.2040914960773894,0.9316080607706018,8.632161215412037,0.93
220,E3,21,T,1.0,1.0,0.8,0.8,,21.0,0.0,23.0,2.0,,,0,0,0,E3_21,E3_21_T,E3_21,E3_21_T,1.0,1.1169683986672678,0.903753221757955,8.075064435159103,0.93
221,E3,22,K,1.0,1.0,0.7,0.7,,22.0,0.0,24.0,1.0,,,0,0,0,E3_22,E3_22_K,E3_22,E3_22_K,1.0,1.1903404811731537,0.9272116111745216,8.544232223490432,0.93
222,E3,22,PC,0.5714285714285714,0.5714285714285714,0.2142857142857142,0.21428571428571427,19.0,19.0,1.0,24.0,0.0,,,0,0,0,E3_22,E3_22_PC,E3_22,E3_22_PC,0.5714285714285714,0.22787895950520057,0.6194951555057496,2.389903110114995,0.64
223,E3,22,PE3,0.6,0.6,0.0,0.0,10.0,10.0,1.0,24.0,0.0,,,0,0,0,E3_22,E3_22_PE3,E3_22,E3_22_PE3,0.6,0.7137981602693593,0.7748523628686173,5.497047257372348,0.79
224,E3,22,SR,1.0,1.0,0.5,0.5,,22.0,0.0,24.0,1.0,,,0,0,0,E3_22,E3_22_SR,E3_22,E3_22_SR,1.0,1.2040914960773894,0.9316080607706018,8.632161215412037,0.93
225,E3,22,T,1.0,1.0,0.55,0.55,,22.0,0.0,24.0,1.0,,,0,0,0,E3_22,E3_22_T,E3_22,E3_22_T,1.0,1.1169683986672678,0.903753221757955,8.075064435159103,0.93
226,E3,23,K,0.6,0.6,0.5,0.5,,23.0,0.0,25.0,1.0,,,0,0,0,E3_23,E3_23_K,E3_23,E3_23_K,0.6,0.44270936724997617,0.6881803446305427,3.763606892610854,0.64
227,E3,23,PC,0.5714285714285714,0.5714285714285714,0.0357142857142857,0.03571428571428571,,23.0,0.0,25.0,3.0,,,0,0,0,E3_23,E3_23_PC,E3_23,E3_23_PC,0.5714285714285714,0.22787895950520057,0.6194951555057496,2.389903110114995,0.64
228,E3,23,PE3,1.0,1.0,0.25,0.25,,23.0,0.0,25.0,3.0,,,0,0,0,E3_23,E3_23_PE3,E3_23,E3_23_PE3,1.0,1.3329180227336987,0.9727962446993453,9.45592489398691,0.93
229,E3,23,SR,1.0,1.0,0.75,0.75,,23.0,0.0,25.0,1.0,,,0,0,0,E3_23,E3_23_SR,E3_23,E3_23_SR,1.0,1.2040914960773894,0.9316080607706018,8.632161215412037,0.93
230,E3,23,T,0.6,0.6,0.25,0.25,,23.0,0.0,25.0,1.0,,,0,0,0,E3_23,E3_23_T,E3_23,E3_23_T,0.6,0.37471901367033345,0.6664425918454374,3.3288518369087488,0.64
231,E3,24,K,1.0,1.0,0.45,0.45,,24.0,0.0,26.0,1.0,,,0,0,0,E3_24,E3_24_K,E3_24,E3_24_K,1.0,1.1903404811731537,0.9272116111745216,8.544232223490432,0.93
232,E3,24,PC,0.7142857142857143,0.7142857142857143,0.0357142857142857,0.03571428571428571,22.0,19.0,1.0,26.0,0.0,,,0,0,0,E3_24,E3_24_PC,E3_24,E3_24_PC,0.7142857142857143,0.3233951194415144,0.6500334092779708,3.0006681855594177,0.64
233,E3,24,PE3,0.6,0.6,0.0,0.0,23.0,23.0,1.0,26.0,0.0,,,0,0,0,E3_24,E3_24_PE3,E3_24,E3_24_PE3,0.6,0.04341806065331637,0.5605196507958998,1.2103930159179956,0.5
234,E3,24,SR,0.6666666666666666,0.6666666666666666,0.25,0.25,,24.0,0.0,26.0,1.0,,,0,0,0,E3_24,E3_24_SR,E3_24,E3_24_SR,0.6666666666666666,0.6069333174809116,0.7406857287558339,4.8137145751166805,0.79
235,E3,24,T,0.8,0.8,0.35,0.35,16.0,16.0,1.0,26.0,0.0,,,0,0,0,E3_24,E3_24_T,E3_24,E3_24_T,0.8,0.8005234954166542,0.8025800300505359,6.051600601010719,0.79
236,E3,25,K,0.8,0.8,0.55,0.55,,25.0,0.0,27.0,1.0,,,0,0,0,E3_25,E3_25_K,E3_25,E3_25_K,0.8,0.8149095169839915,0.8071795028275918,6.143590056551837,0.79
237,E3,25,PC,0.5714285714285714,0.5714285714285714,0.2857142857142857,0.2857142857142857,,25.0,0.0,27.0,1.0,,,0,0,0,E3_25,E3_25_PC,E3_25,E3_25_PC,0.5714285714285714,0.1608394966718708,0.5980614197889595,1.961228395779191,0.64
238,E3,25,PE3,1.0,1.0,0.7,0.7,,25.0,0.0,27.0,1.0,,,0,0,0,E3_25,E3_25_PE3,E3_25,E3_25_PE3,1.0,1.3329180227336987,0.9727962446993453,9.45592489398691,0.93
239,E3,25,SR,1.0,1.0,1.0,1.0,3.0,3.0,1.0,27.0,0.0,,,0,0,0,E3_25,E3_25_SR,E3_25,E3_25_SR,1.0,1.2040914960773894,0.9316080607706018,8.632161215412037,0.93
240,E3,25,T,0.6,0.6,0.15,0.15,28.0,16.0,1.0,27.0,0.0,,,0,0,0,E3_25,E3_25_T,E3_25,E3_25_T,0.6,0.3223654343750149,0.649704200232222,2.9940840046444404,0.64
241,E3,26,K,0.8,0.8,0.65,0.65,,26.0,0.0,28.0,1.0,,,0,0,0,E3_26,E3_26_K,E3_26,E3_26_K,0.8,0.7528048311975859,0.7873235050963822,5.746470101927645,0.79
242,E3,26,PC,0.42857142857142855,0.4285714285714285,0.4642857142857143,0.4642857142857143,,26.0,0.0,28.0,1.0,,,0,0,0,E3_26,E3_26_PC,E3_26,E3_26_PC,0.4285714285714285,-0.23346321988001528,0.47199566893416894,-0.5600866213166196,0.5
243,E3,26,PE3,0.4,0.4,0.1,0.1,30.0,10.0,1.0,28.0,0.0,,,0,0,0,E3_26,E3_26_PE3,E3_26,E3_26_PE3,0.4,-0.27714707713755654,0.4580291451588229,-0.8394170968235404,0.5
244,E3,26,SR,1.0,1.0,1.0,1.0,,26.0,0.0,28.0,1.0,,,0,0,0,E3_26,E3_26_SR,E3_26,E3_26_SR,1.0,1.2040914960773894,0.9316080607706018,8.632161215412037,0.93
245,E3,26,T,0.6,0.6,0.4,0.4,,26.0,0.0,28.0,1.0,,,0,0,0,E3_26,E3_26_T,E3_26,E3_26_T,0.6,0.10556545080142317,0.5803893018883384,1.6077860377667683,0.64
246,E3,27,K,0.6,0.6,0.4,0.4,,27.0,0.0,29.0,1.0,,,0,0,0,E3_27,E3_27_K,E3_27,E3_27_K,0.6,0.28044838032667146,0.6363025555810371,2.726051111620743,0.64
247,E3,27,PC,0.5714285714285714,0.5714285714285714,0.3571428571428571,0.35714285714285715,0.0,0.0,1.0,29.0,0.0,,,0,0,0,E3_27,E3_27_PC,E3_27,E3_27_PC,0.5714285714285714,0.1456566304914367,0.5932071812944794,1.8641436258895894,0.64
248,E3,27,PE3,0.8,0.8,0.3,0.3,20.0,20.0,1.0,29.0,0.0,,,0,0,0,E3_27,E3_27_PE3,E3_27,E3_27_PE3,0.8,1.1806110921234916,0.9241009485175914,8.482018970351831,0.93
249,E3,27,SR,1.0,1.0,1.0,1.0,,27.0,0.0,29.0,2.0,,,0,0,0,E3_27,E3_27_SR,E3_27,E3_27_SR,1.0,1.2040914960773894,0.9316080607706018,8.632161215412037,0.93
250,E3,27,T,0.2,0.2,0.25,0.25,28.0,16.0,1.0,29.0,0.0,,,0,0,0,E3_27,E3_27_T,E3_27,E3_27_T,0.2,-0.671452825588409,0.3319624249507825,-3.3607515009843496,0.36
251,E3,28,K,1.0,1.0,0.85,0.85,,28.0,0.0,30.0,1.0,,,0,0,0,E3_28,E3_28_K,E3_28,E3_28_K,1.0,1.1903404811731537,0.9272116111745216,8.544232223490432,0.93
252,E3,28,PC,0.5714285714285714,0.5714285714285714,0.6428571428571429,0.6428571428571429,,28.0,0.0,30.0,1.0,,,0,0,0,E3_28,E3_28_PC,E3_28,E3_28_PC,0.5714285714285714,0.2862948096917687,0.6381717653957086,2.7634353079141736,0.64
253,E3,28,PE3,0.6,0.6,0.3,0.3,7.0,28.0,1.0,30.0,1.0,,,0,0,0,E3_28,E3_28_PE3,E3_28,E3_28_PE3,0.6,0.04341806065331637,0.5605196507958998,1.2103930159179956,0.5
254,E3,28,SR,1.0,1.0,0.75,0.75,,28.0,0.0,30.0,1.0,,,0,0,0,E3_28,E3_28_SR,E3_28,E3_28_SR,1.0,1.2040914960773894,0.9316080607706018,8.632161215412037,0.93
255,E3,28,T,0.8,0.8,0.5,0.5,16.0,16.0,1.0,30.0,0.0,,,0,0,0,E3_28,E3_28_T,E3_28,E3_28_T,0.8,0.8005234954166542,0.8025800300505359,6.051600601010719,0.79
256,E3,29,K,0.6,0.6,0.45,0.45,,29.0,0.0,31.0,1.0,,,0,0,0,E3_29,E3_29_K,E3_29,E3_29_K,0.6,0.28044838032667146,0.6363025555810371,2.726051111620743,0.64
257,E3,29,PC,0.42857142857142855,0.4285714285714285,0.3571428571428571,0.35714285714285715,,29.0,0.0,31.0,1.0,,,0,0,0,E3_29,E3_29_PC,E3_29,E3_29_PC,0.4285714285714285,-0.2890248011099707,0.4542316207488401,-0.9153675850231977,0.5
258,E3,29,PE3,1.0,1.0,0.55,0.55,,29.0,0.0,31.0,1.0,,,0,0,0,E3_29,E3_29_PE3,E3_29,E3_29_PE3,1.0,1.3329180227336987,0.9727962446993453,9.45592489398691,0.93
259,E3,29,SR,0.6666666666666666,0.6666666666666666,0.5,0.5,,29.0,0.0,31.0,1.0,,,0,0,0,E3_29,E3_29_SR,E3_29,E3_29_SR,0.6666666666666666,0.6069333174809116,0.7406857287558339,4.8137145751166805,0.79
260,E3,29,T,0.6,0.6,0.65,0.65,,29.0,0.0,31.0,1.0,,,0,0,0,E3_29,E3_29_T,E3_29,E3_29_T,0.6,0.37471901367033345,0.6664425918454374,3.3288518369087488,0.64
261,E3,30,K,1.0,1.0,0.65,0.65,,30.0,0.0,32.0,1.0,,,0,0,0,E3_30,E3_30_K,E3_30,E3_30_K,1.0,1.1903404811731537,0.9272116111745216,8.544232223490432,0.93
262,E3,30,PC,0.7142857142857143,0.7142857142857143,0.17857142857142852,0.17857142857142858,,30.0,0.0,32.0,1.0,,,0,0,0,E3_30,E3_30_PC,E3_30,E3_30_PC,0.7142857142857143,0.5542671250154522,0.7238473890256856,4.4769477805137115,0.79
263,E3,30,PE3,0.8,0.8,0.0,0.0,22.0,10.0,1.0,32.0,0.0,,,0,0,0,E3_30,E3_30_PE3,E3_30,E3_30_PE3,0.8,0.7858651974439309,0.7978935055539657,5.957870111079313,0.79
264,E3,30,SR,1.0,1.0,0.0833333333333333,0.08333333333333333,,30.0,0.0,32.0,1.0,,,0,0,0,E3_30,E3_30_SR,E3_30,E3_30_SR,1.0,1.2040914960773894,0.9316080607706018,8.632161215412037,0.93
265,E3,30,T,0.8,0.8,0.25,0.25,,30.0,0.0,32.0,1.0,,,0,0,0,E3_30,E3_30_T,E3_30,E3_30_T,0.8,0.6690280196874245,0.7605385345549505,5.210770691099011,0.79
266,E3,31,K,0.8,0.8,0.75,0.75,,31.0,0.0,33.0,1.0,,,0,0,0,E3_31,E3_31_K,E3_31,E3_31_K,0.8,0.8149095169839915,0.8071795028275918,6.143590056551837,0.79
267,E3,31,PC,0.5714285714285714,0.5714285714285714,0.6071428571428571,0.6071428571428571,,31.0,0.0,33.0,1.0,,,0,0,0,E3_31,E3_31_PC,E3_31,E3_31_PC,0.5714285714285714,0.23129083239530832,0.6205859933307433,2.4117198666148667,0.64
268,E3,31,PE3,0.8,0.8,0.65,0.65,,31.0,0.0,33.0,1.0,,,0,0,0,E3_31,E3_31_PE3,E3_31,E3_31_PE3,0.8,0.8497124047675456,0.8183066191171176,6.366132382342354,0.79
269,E3,31,SR,1.0,1.0,1.0,1.0,,31.0,0.0,33.0,1.0,,,0,0,0,E3_31,E3_31_SR,E3_31,E3_31_SR,1.0,1.2040914960773894,0.9316080607706018,8.632161215412037,0.93
270,E3,31,T,0.6,0.6,0.65,0.65,17.0,17.0,1.0,33.0,0.0,,,0,0,0,E3_31,E3_31_T,E3_31,E3_31_T,0.6,0.19753582101435557,0.6097939021880189,2.195878043760377,0.64
271,E4,0,K,0.8,0.8,0.6,0.6,1.0,1.0,1.0,2.0,0.0,,,0,0,0,E4_0,E4_0_K,E4_0,E4_0_K,0.8,0.8523766030116593,0.8191584117575723,6.383168235151448,0.79
272,E4,0,PC,0.5714285714285714,0.5714285714285714,0.3928571428571428,0.39285714285714285,8.0,8.0,1.0,2.0,0.0,,,0,0,0,E4_0,E4_0_PC,E4_0,E4_0_PC,0.5714285714285714,0.20253304390543245,0.6113916052458659,2.2278321049173186,0.64
273,E4,0,PE3,1.0,1.0,0.35,0.35,,0.0,0.0,2.0,2.0,,,0,0,0,E4_0,E4_0_PE3,E4_0,E4_0_PE3,1.0,1.3329180227336987,0.9727962446993453,9.45592489398691,0.93
274,E4,0,SR,1.0,1.0,0.9166666666666666,0.9166666666666666,,0.0,0.0,2.0,1.0,,,0,0,0,E4_0,E4_0_SR,E4_0,E4_0_SR,1.0,1.2040914960773894,0.9316080607706018,8.632161215412037,0.93
275,E4,0,T,0.8,0.8,0.35,0.35,3.0,3.0,1.0,2.0,0.0,,,0,0,0,E4_0,E4_0_T,E4_0,E4_0_T,0.8,0.6690280196874245,0.7605385345549505,5.210770691099011,0.79
276,E4,1,K,0.8,0.8,0.9,0.9,,1.0,0.0,3.0,3.0,,,0,0,0,E4_1,E4_1_K,E4_1,E4_1_K,0.8,0.7528048311975859,0.7873235050963822,5.746470101927645,0.79
277,E4,1,PC,0.42857142857142855,0.4285714285714285,0.65,0.65,,1.0,0.0,3.0,2.0,,,0,0,0,E4_1,E4_1_PC,E4_1,E4_1_PC,0.4285714285714285,-0.1616778516756111,0.49494675692619144,-0.10106486147617133,0.5
278,E4,1,PE3,0.8,0.8,0.6,0.6,,1.0,0.0,3.0,1.0,,,0,0,0,E4_1,E4_1_PE3,E4_1,E4_1_PE3,0.8,0.38228535311185563,0.6688616881967357,3.3772337639347167,0.64
279,E4,1,SR,1.0,1.0,0.75,0.75,,1.0,0.0,3.0,1.0,,,0,0,0,E4_1,E4_1_SR,E4_1,E4_1_SR,1.0,1.2040914960773894,0.9316080607706018,8.632161215412037,0.93
280,E4,1,T,0.4,0.4,0.5,0.5,3.0,3.0,1.0,3.0,0.0,,,0,0,0,E4_1,E4_1_T,E4_1,E4_1_T,0.4,-0.18318839440289938,0.4880694451391375,-0.23861109721724816,0.5
281,E4,2,K,0.8,0.8,0.7,0.7,,2.0,0.0,4.0,1.0,,,0,0,0,E4_2,E4_2_K,E4_2,E4_2_K,0.8,0.7528048311975859,0.7873235050963822,5.746470101927645,0.79
282,E4,2,PC,0.14285714285714285,0.1428571428571428,0.3,0.3,,2.0,0.0,4.0,1.0,,,0,0,0,E4_2,E4_2_PC,E4_2,E4_2_PC,0.1428571428571428,-0.8514676324271246,0.27440841673203237,-4.511831665359352,0.21
283,E4,2,PE3,0.8,0.8,0.35,0.35,,2.0,0.0,4.0,4.0,,,0,0,0,E4_2,E4_2_PE3,E4_2,E4_2_PE3,0.8,0.5071707045670932,0.7087898067236524,4.175796134473051,0.64
284,E4,2,SR,1.0,1.0,1.0,1.0,,2.0,0.0,4.0,1.0,,,0,0,0,E4_2,E4_2_SR,E4_2,E4_2_SR,1.0,1.2040914960773894,0.9316080607706018,8.632161215412037,0.93
285,E4,2,T,0.8,0.8,0.4,0.4,12.0,12.0,1.0,4.0,0.0,,,0,0,0,E4_2,E4_2_T,E4_2,E4_2_T,0.8,0.6690280196874245,0.7605385345549505,5.210770691099011,0.79
286,E4,3,K,0.6,0.6,0.45,0.45,,3.0,0.0,5.0,1.0,,,0,0,0,E4_3,E4_3_K,E4_3,E4_3_K,0.6,0.28044838032667146,0.6363025555810371,2.726051111620743,0.64
287,E4,3,PC,0.8571428571428571,0.8571428571428571,0.2857142857142857,0.2857142857142857,8.0,8.0,1.0,5.0,0.0,,,0,0,0,E4_3,E4_3_PC,E4_3,E4_3_PC,0.8571428571428571,0.8466109212919566,0.8173150184339344,6.346300368678687,0.79
288,E4,3,PE3,0.4,0.4,0.0,0.0,12.0,2.0,1.0,5.0,0.0,,,0,0,0,E4_3,E4_3_PE3,E4_3,E4_3_PE3,0.4,0.00612248103844845,0.548595575585796,0.9719115117159198,0.5
289,E4,3,SR,1.0,1.0,1.0,1.0,,3.0,0.0,5.0,1.0,,,0,0,0,E4_3,E4_3_SR,E4_3,E4_3_SR,1.0,1.2040914960773894,0.9316080607706018,8.632161215412037,0.93
290,E4,3,T,0.6,0.6,0.6,0.6,,3.0,0.0,5.0,5.0,,,0,0,0,E4_3,E4_3_T,E4_3,E4_3_T,0.6,0.37471901367033345,0.6664425918454374,3.3288518369087488,0.64
291,E4,4,K,1.0,1.0,0.7,0.7,,4.0,0.0,6.0,1.0,,,0,0,0,E4_4,E4_4_K,E4_4,E4_4_K,1.0,1.1903404811731537,0.9272116111745216,8.544232223490432,0.93
292,E4,4,PC,0.8571428571428571,0.8571428571428571,0.5714285714285714,0.5714285714285714,,4.0,0.0,6.0,1.0,,,0,0,0,E4_4,E4_4_PC,E4_4,E4_4_PC,0.8571428571428571,0.7502913604940441,0.7865199027923848,5.730398055847697,0.79
293,E4,4,PE3,1.0,1.0,0.55,0.55,,4.0,0.0,6.0,1.0,,,0,0,0,E4_4,E4_4_PE3,E4_4,E4_4_PE3,1.0,1.3329180227336987,0.9727962446993453,9.45592489398691,0.93
294,E4,4,SR,1.0,1.0,0.5,0.5,7.0,7.0,1.0,6.0,0.0,,,0,0,0,E4_4,E4_4_SR,E4_4,E4_4_SR,1.0,1.2040914960773894,0.9316080607706018,8.632161215412037,0.93
295,E4,4,T,0.6,0.6,0.2,0.2,12.0,12.0,1.0,6.0,0.0,,,0,0,0,E4_4,E4_4_T,E4_4,E4_4_T,0.6,0.37471901367033345,0.6664425918454374,3.3288518369087488,0.64
296,E4,5,K,0.8,0.8,0.6,0.6,,5.0,0.0,7.0,1.0,,,0,0,0,E4_5,E4_5_K,E4_5,E4_5_K,0.8,0.8523766030116593,0.8191584117575723,6.383168235151448,0.79
297,E4,5,PC,0.5714285714285714,0.5714285714285714,0.5714285714285714,0.5714285714285714,8.0,8.0,1.0,7.0,0.0,,,0,0,0,E4_5,E4_5_PC,E4_5,E4_5_PC,0.5714285714285714,0.23129083239530832,0.6205859933307433,2.4117198666148667,0.64
298,E4,5,PE3,1.0,1.0,0.55,0.55,,5.0,0.0,7.0,1.0,,,0,0,0,E4_5,E4_5_PE3,E4_5,E4_5_PE3,1.0,1.3329180227336987,0.9727962446993453,9.45592489398691,0.93
299,E4,5,SR,1.0,1.0,0.6666666666666666,0.6666666666666666,,5.0,0.0,7.0,1.0,,,0,0,0,E4_5,E4_5_SR,E4_5,E4_5_SR,1.0,1.2040914960773894,0.9316080607706018,8.632161215412037,0.93
300,E4,5,T,0.8,0.8,0.3,0.3,12.0,12.0,1.0,7.0,0.0,,,0,0,0,E4_5,E4_5_T,E4_5,E4_5_T,0.8,0.6690280196874245,0.7605385345549505,5.210770691099011,0.79
301,E4,6,K,1.0,1.0,0.8,0.8,,6.0,0.0,8.0,1.0,,,0,0,0,E4_6,E4_6_K,E4_6,E4_6_K,1.0,1.1903404811731537,0.9272116111745216,8.544232223490432,0.93
302,E4,6,PC,0.42857142857142855,0.4285714285714285,0.5357142857142857,0.5357142857142857,,6.0,0.0,8.0,1.0,,,0,0,0,E4_6,E4_6_PC,E4_6,E4_6_PC,0.4285714285714285,-0.02530273783016739,0.5385483614882313,0.7709672297646257,0.5
303,E4,6,PE3,0.4,0.4,0.45,0.45,,6.0,0.0,8.0,1.0,,,0,0,0,E4_6,E4_6_PE3,E4_6,E4_6_PE3,0.4,-0.4720703339251192,0.3957086343064671,-2.0858273138706585,0.36
304,E4,6,SR,1.0,1.0,0.75,0.75,,6.0,0.0,8.0,1.0,,,0,0,0,E4_6,E4_6_SR,E4_6,E4_6_SR,1.0,1.2040914960773894,0.9316080607706018,8.632161215412037,0.93
305,E4,6,T,0.6,0.6,0.5,0.5,,6.0,0.0,8.0,1.0,,,0,0,0,E4_6,E4_6_T,E4_6,E4_6_T,0.6,0.10556545080142317,0.5803893018883384,1.6077860377667683,0.64
306,E4,7,K,0.6,0.6,0.6,0.6,,7.0,0.0,9.0,1.0,,,0,0,0,E4_7,E4_7_K,E4_7,E4_7_K,0.6,0.44270936724997617,0.6881803446305427,3.763606892610854,0.64
307,E4,7,PC,0.5714285714285714,0.5714285714285714,0.25,0.25,1.0,1.0,1.0,9.0,0.0,,,0,0,0,E4_7,E4_7_PC,E4_7,E4_7_PC,0.5714285714285714,0.23129083239530832,0.6205859933307433,2.4117198666148667,0.64
308,E4,7,PE3,1.0,1.0,0.65,0.65,,7.0,0.0,9.0,1.0,,,0,0,0,E4_7,E4_7_PE3,E4_7,E4_7_PE3,1.0,1.3329180227336987,0.9727962446993453,9.45592489398691,0.93
309,E4,7,SR,1.0,1.0,0.5,0.5,,7.0,0.0,9.0,2.0,,,0,0,0,E4_7,E4_7_SR,E4_7,E4_7_SR,1.0,1.2040914960773894,0.9316080607706018,8.632161215412037,0.93
310,E4,7,T,0.8,0.8,0.2,0.2,3.0,3.0,1.0,9.0,0.0,,,0,0,0,E4_7,E4_7_T,E4_7,E4_7_T,0.8,0.6690280196874245,0.7605385345549505,5.210770691099011,0.79
311,E4,8,K,0.8,0.8,0.8,0.8,,8.0,0.0,10.0,1.0,,,0,0,0,E4_8,E4_8_K,E4_8,E4_8_K,0.8,0.7528048311975859,0.7873235050963822,5.746470101927645,0.79
312,E4,8,PC,0.5714285714285714,0.5714285714285714,0.5357142857142857,0.5357142857142857,,8.0,0.0,10.0,5.0,,,0,0,0,E4_8,E4_8_PC,E4_8,E4_8_PC,0.5714285714285714,0.2862948096917687,0.6381717653957086,2.7634353079141736,0.64
313,E4,8,PE3,1.0,1.0,0.1,0.1,12.0,2.0,1.0,10.0,0.0,,,0,0,0,E4_8,E4_8_PE3,E4_8,E4_8_PE3,1.0,1.3329180227336987,0.9727962446993453,9.45592489398691,0.93
314,E4,8,SR,1.0,1.0,1.0,1.0,,8.0,0.0,10.0,1.0,,,0,0,0,E4_8,E4_8_SR,E4_8,E4_8_SR,1.0,1.2040914960773894,0.9316080607706018,8.632161215412037,0.93
315,E4,8,T,0.6,0.6,0.4,0.4,,8.0,0.0,10.0,1.0,,,0,0,0,E4_8,E4_8_T,E4_8,E4_8_T,0.6,0.37471901367033345,0.6664425918454374,3.3288518369087488,0.64
316,E4,9,K,1.0,1.0,1.0,1.0,,9.0,0.0,11.0,1.0,,,0,0,0,E4_9,E4_9_K,E4_9,E4_9_K,1.0,1.1903404811731537,0.9272116111745216,8.544232223490432,0.93
317,E4,9,PC,0.42857142857142855,0.4285714285714285,0.2857142857142857,0.2857142857142857,,9.0,0.0,11.0,1.0,,,0,0,0,E4_9,E4_9_PC,E4_9,E4_9_PC,0.4285714285714285,-0.34215957127259006,0.4372434682054734,-1.2551306358905308,0.5
318,E4,9,PE3,0.4,0.4,0.0,0.0,,9.0,0.0,11.0,1.0,,,0,0,0,E4_9,E4_9_PE3,E4_9,E4_9_PE3,0.4,0.26608553994351486,0.6317104942502298,2.634209885004598,0.64
319,E4,9,SR,1.0,1.0,0.75,0.75,,9.0,0.0,11.0,1.0,,,0,0,0,E4_9,E4_9_SR,E4_9,E4_9_SR,1.0,1.2040914960773894,0.9316080607706018,8.632161215412037,0.93
320,E4,9,T,0.6,0.6,0.5,0.5,,9.0,0.0,11.0,1.0,,,0,0,0,E4_9,E4_9_T,E4_9,E4_9_T,0.6,0.37471901367033345,0.6664425918454374,3.3288518369087488,0.64
321,E4,10,K,1.0,1.0,0.6,0.6,,10.0,0.0,12.0,1.0,,,0,0,0,E4_10,E4_10_K,E4_10,E4_10_K,1.0,1.1903404811731537,0.9272116111745216,8.544232223490432,0.93
322,E4,10,PC,0.5714285714285714,0.5714285714285714,0.3571428571428571,0.35714285714285715,,10.0,0.0,12.0,1.0,,,0,0,0,E4_10,E4_10_PC,E4_10,E4_10_PC,0.5714285714285714,0.2862948096917687,0.6381717653957086,2.7634353079141736,0.64
323,E4,10,PE3,1.0,1.0,0.7,0.7,,10.0,0.0,12.0,1.0,,,0,0,0,E4_10,E4_10_PE3,E4_10,E4_10_PE3,1.0,1.3329180227336987,0.9727962446993453,9.45592489398691,0.93
324,E4,10,SR,0.6666666666666666,0.6666666666666666,0.75,0.75,,10.0,0.0,12.0,1.0,,,0,0,0,E4_10,E4_10_SR,E4_10,E4_10_SR,0.6666666666666666,0.6069333174809116,0.7406857287558339,4.8137145751166805,0.79
325,E4,10,T,0.4,0.4,0.35,0.35,,10.0,0.0,12.0,1.0,,,0,0,0,E4_10,E4_10_T,E4_10,E4_10_T,0.4,-0.09011165020775885,0.5178277733258915,0.35655546651783077,0.5
326,E4,11,K,1.0,1.0,0.7,0.7,,11.0,0.0,13.0,1.0,,,0,0,0,E4_11,E4_11_K,E4_11,E4_11_K,1.0,1.1903404811731537,0.9272116111745216,8.544232223490432,0.93
327,E4,11,PC,0.8571428571428571,0.8571428571428571,0.5,0.5,,11.0,0.0,13.0,1.0,,,0,0,0,E4_11,E4_11_PC,E4_11,E4_11_PC,0.8571428571428571,0.813060887120576,0.806588462233649,6.131769244672981,0.79
328,E4,11,PE3,0.8,0.8,0.1,0.1,,11.0,0.0,13.0,1.0,,,0,0,0,E4_11,E4_11_PE3,E4_11,E4_11_PE3,0.8,1.1806110921234916,0.9241009485175914,8.482018970351831,0.93
329,E4,11,SR,1.0,1.0,0.75,0.75,,11.0,0.0,13.0,1.0,,,0,0,0,E4_11,E4_11_SR,E4_11,E4_11_SR,1.0,1.2040914960773894,0.9316080607706018,8.632161215412037,0.93
330,E4,11,T,0.8,0.8,0.25,0.25,,11.0,0.0,13.0,1.0,,,0,0,0,E4_11,E4_11_T,E4_11,E4_11_T,0.8,0.6690280196874245,0.7605385345549505,5.210770691099011,0.79
331,E4,12,K,0.8,0.8,0.85,0.85,,12.0,0.0,14.0,1.0,,,0,0,0,E4_12,E4_12_K,E4_12,E4_12_K,0.8,0.7528048311975859,0.7873235050963822,5.746470101927645,0.79
332,E4,12,PC,0.7142857142857143,0.7142857142857143,0.6428571428571429,0.6428571428571429,,12.0,0.0,14.0,1.0,,,0,0,0,E4_12,E4_12_PC,E4_12,E4_12_PC,0.7142857142857143,0.5579358560320384,0.725020349065968,4.500406981319362,0.79
333,E4,12,PE3,0.4,0.4,0.15,0.15,2.0,2.0,1.0,14.0,0.0,,,0,0,0,E4_12,E4_12_PE3,E4_12,E4_12_PE3,0.4,-0.439162364129585,0.4062299108466323,-1.8754017830673533,0.36
334,E4,12,SR,1.0,1.0,0.75,0.75,,12.0,0.0,14.0,1.0,,,0,0,0,E4_12,E4_12_SR,E4_12,E4_12_SR,1.0,1.2040914960773894,0.9316080607706018,8.632161215412037,0.93
335,E4,12,T,1.0,1.0,0.8,0.8,,12.0,0.0,14.0,4.0,,,0,0,0,E4_12,E4_12_T,E4_12,E4_12_T,1.0,1.1169683986672678,0.903753221757955,8.075064435159103,0.93
336,E4,13,K,0.8,0.8,0.7,0.7,1.0,1.0,1.0,15.0,0.0,,,0,0,0,E4_13,E4_13_K,E4_13,E4_13_K,0.8,0.7528048311975859,0.7873235050963822,5.746470101927645,0.79
337,E4,13,PC,0.42857142857142855,0.4285714285714285,0.17857142857142852,0.17857142857142858,8.0,8.0,1.0,15.0,0.0,,,0,0,0,E4_13,E4_13_PC,E4_13,E4_13_PC,0.4285714285714285,-0.02530273783016739,0.5385483614882313,0.7709672297646257,0.5
338,E4,13,PE3,1.0,1.0,0.3,0.3,0.0,0.0,1.0,15.0,0.0,,,0,0,0,E4_13,E4_13_PE3,E4_13,E4_13_PE3,1.0,1.3329180227336987,0.9727962446993453,9.45592489398691,0.93
339,E4,13,SR,1.0,1.0,1.0,1.0,,13.0,0.0,15.0,1.0,,,0,0,0,E4_13,E4_13_SR,E4_13,E4_13_SR,1.0,1.2040914960773894,0.9316080607706018,8.632161215412037,0.93
340,E4,13,T,0.8,0.8,0.35,0.35,3.0,3.0,1.0,15.0,0.0,,,0,0,0,E4_13,E4_13_T,E4_13,E4_13_T,0.8,0.6690280196874245,0.7605385345549505,5.210770691099011,0.79
341,E5,0,K,0.8,0.8,0.7,0.7,,0.0,0.0,2.0,1.0,,,0,0,0,E5_0,E5_0_K,E5_0,E5_0_K,0.8,0.7528048311975859,0.7873235050963822,5.746470101927645,0.79
342,E5,0,PC,0.42857142857142855,0.4285714285714285,0.5,0.5,,0.0,0.0,2.0,1.0,,,0,0,0,E5_0,E5_0_PC,E5_0,E5_0_PC,0.4285714285714285,-0.02530273783016739,0.5385483614882313,0.7709672297646257,0.5
343,E5,0,PE3,1.0,1.0,0.3,0.3,,0.0,0.0,2.0,1.0,,,0,0,0,E5_0,E5_0_PE3,E5_0,E5_0_PE3,1.0,1.3329180227336987,0.9727962446993453,9.45592489398691,0.93
344,E5,0,SR,1.0,1.0,0.75,0.75,,0.0,0.0,2.0,1.0,,,0,0,0,E5_0,E5_0_SR,E5_0,E5_0_SR,1.0,1.2040914960773894,0.9316080607706018,8.632161215412037,0.93
345,E5,0,T,0.8,0.8,0.6,0.6,,0.0,0.0,2.0,1.0,,,0,0,0,E5_0,E5_0_T,E5_0,E5_0_T,0.8,0.6690280196874245,0.7605385345549505,5.210770691099011,0.79
346,E5,1,K,0.8,0.8,0.9,0.9,13.0,13.0,1.0,3.0,0.0,,,0,0,0,E5_1,E5_1_K,E5_1,E5_1_K,0.8,0.7528048311975859,0.7873235050963822,5.746470101927645,0.79
347,E5,1,PC,0.7142857142857143,0.7142857142857143,0.25,0.25,2.0,2.0,1.0,3.0,0.0,,,0,0,0,E5_1,E5_1_PC,E5_1,E5_1_PC,0.7142857142857143,0.33557351572902855,0.6539270640963256,3.0785412819265137,0.64
348,E5,1,PE3,0.8,0.8,0.45,0.45,,1.0,0.0,3.0,2.0,,,0,0,0,E5_1,E5_1_PE3,E5_1,E5_1_PE3,0.8,1.1806110921234916,0.9241009485175914,8.482018970351831,0.93
349,E5,1,SR,0.3333333333333333,0.3333333333333333,1.0,1.0,,1.0,0.0,3.0,1.0,,,0,0,0,E5_1,E5_1_SR,E5_1,E5_1_SR,0.3333333333333333,-0.07826365168172235,0.521615793969961,0.432315879399221,0.5
350,E5,1,T,0.8,0.8,0.55,0.55,13.0,13.0,1.0,3.0,0.0,,,0,0,0,E5_1,E5_1_T,E5_1,E5_1_T,0.8,0.6149485697163525,0.7432483506930795,4.864967013861591,0.79
351,E5,2,K,1.0,1.0,0.9,0.9,,2.0,0.0,4.0,1.0,,,0,0,0,E5_2,E5_2_K,E5_2,E5_2_K,1.0,1.1903404811731537,0.9272116111745216,8.544232223490432,0.93
352,E5,2,PC,0.8571428571428571,0.8571428571428571,0.6785714285714286,0.6785714285714286,,2.0,0.0,4.0,3.0,,,0,0,0,E5_2,E5_2_PC,E5_2,E5_2_PC,0.8571428571428571,0.8466109212919566,0.8173150184339344,6.346300368678687,0.79
353,E5,2,PE3,1.0,1.0,0.85,0.85,,2.0,0.0,4.0,1.0,,,0,0,0,E5_2,E5_2_PE3,E5_2,E5_2_PE3,1.0,1.3329180227336987,0.9727962446993453,9.45592489398691,0.93
354,E5,2,SR,1.0,1.0,1.0,1.0,,2.0,0.0,4.0,1.0,,,0,0,0,E5_2,E5_2_SR,E5_2,E5_2_SR,1.0,1.2040914960773894,0.9316080607706018,8.632161215412037,0.93
355,E5,2,T,0.8,0.8,0.75,0.75,,2.0,0.0,4.0,2.0,,,0,0,0,E5_2,E5_2_T,E5_2,E5_2_T,0.8,0.6690280196874245,0.7605385345549505,5.210770691099011,0.79
356,E5,3,K,1.0,1.0,0.7,0.7,,3.0,0.0,5.0,1.0,,,0,0,0,E5_3,E5_3_K,E5_3,E5_3_K,1.0,1.1903404811731537,0.9272116111745216,8.544232223490432,0.93
357,E5,3,PC,0.42857142857142855,0.4285714285714285,0.3571428571428571,0.35714285714285715,,3.0,0.0,5.0,1.0,,,0,0,0,E5_3,E5_3_PC,E5_3,E5_3_PC,0.4285714285714285,-0.35525338280739094,0.43305713848114197,-1.33885723037716,0.5
358,E5,3,PE3,0.6,0.6,0.1,0.1,,3.0,0.0,5.0,2.0,,,0,0,0,E5_3,E5_3_PE3,E5_3,E5_3_PE3,0.6,0.14617224075785468,0.5933720312756129,1.8674406255122573,0.64
359,E5,3,SR,1.0,1.0,1.0,1.0,,3.0,0.0,5.0,1.0,,,0,0,0,E5_3,E5_3_SR,E5_3,E5_3_SR,1.0,1.2040914960773894,0.9316080607706018,8.632161215412037,0.93
360,E5,3,T,0.6,0.6,0.5,0.5,,3.0,0.0,5.0,1.0,,,0,0,0,E5_3,E5_3_T,E5_3,E5_3_T,0.6,0.37471901367033345,0.6664425918454374,3.3288518369087488,0.64
361,E5,4,K,1.0,1.0,0.65,0.65,1.0,13.0,1.0,6.0,0.0,,,0,0,0,E5_4,E5_4_K,E5_4,E5_4_K,1.0,1.1903404811731537,0.9272116111745216,8.544232223490432,0.93
362,E5,4,PC,1.0,1.0,0.5714285714285714,0.5714285714285714,,4.0,0.0,6.0,1.0,,,0,0,0,E5_4,E5_4_PC,E5_4,E5_4_PC,1.0,1.1308831911367503,0.9082020340207615,8.16404068041523,0.93
363,E5,4,PE3,1.0,1.0,0.7,0.7,,4.0,0.0,6.0,1.0,,,0,0,0,E5_4,E5_4_PE3,E5_4,E5_4_PE3,1.0,1.3329180227336987,0.9727962446993453,9.45592489398691,0.93
364,E5,4,SR,1.0,1.0,0.8333333333333334,0.8333333333333334,,4.0,0.0,6.0,1.0,,,0,0,0,E5_4,E5_4_SR,E5_4,E5_4_SR,1.0,1.2040914960773894,0.9316080607706018,8.632161215412037,0.93
365,E5,4,T,0.6,0.6,0.2,0.2,1.0,13.0,1.0,6.0,0.0,,,0,0,0,E5_4,E5_4_T,E5_4,E5_4_T,0.6,0.10556545080142317,0.5803893018883384,1.6077860377667683,0.64
366,E5,5,K,0.6,0.6,0.6,0.6,,5.0,0.0,7.0,1.0,,,0,0,0,E5_5,E5_5_K,E5_5,E5_5_K,0.6,0.28044838032667146,0.6363025555810371,2.726051111620743,0.64
367,E5,5,PC,0.42857142857142855,0.4285714285714285,0.4285714285714285,0.42857142857142855,,5.0,0.0,7.0,1.0,,,0,0,0,E5_5,E5_5_PC,E5_5,E5_5_PC,0.4285714285714285,-0.2774406092334542,0.4579352976084106,-0.8412940478317879,0.5
368,E5,5,PE3,1.0,1.0,0.75,0.75,,5.0,0.0,7.0,1.0,,,0,0,0,E5_5,E5_5_PE3,E5_5,E5_5_PE3,1.0,1.3329180227336987,0.9727962446993453,9.45592489398691,0.93
369,E5,5,SR,0.6666666666666666,0.6666666666666666,0.75,0.75,,5.0,0.0,7.0,1.0,,,0,0,0,E5_5,E5_5_SR,E5_5,E5_5_SR,0.6666666666666666,0.6069333174809116,0.7406857287558339,4.8137145751166805,0.79
370,E5,5,T,0.6,0.6,0.4,0.4,,5.0,0.0,7.0,1.0,,,0,0,0,E5_5,E5_5_T,E5_5,E5_5_T,0.6,0.23007994054709305,0.6201988491807254,2.403976983614509,0.64
371,E5,6,K,0.8,0.8,0.7,0.7,,6.0,0.0,8.0,1.0,,,0,0,0,E5_6,E5_6_K,E5_6,E5_6_K,0.8,0.7528048311975859,0.7873235050963822,5.746470101927645,0.79
372,E5,6,PC,0.2857142857142857,0.2857142857142857,0.32142857142857145,0.32142857142857145,,6.0,0.0,8.0,1.0,,,0,0,0,E5_6,E5_6_PC,E5_6,E5_6_PC,0.2857142857142857,-0.5387629865287861,0.37438578012858414,-2.512284397428316,0.36
373,E5,6,PE3,1.0,1.0,0.7,0.7,,6.0,0.0,8.0,1.0,,,0,0,0,E5_6,E5_6_PE3,E5_6,E5_6_PE3,1.0,1.3329180227336987,0.9727962446993453,9.45592489398691,0.93
374,E5,6,SR,1.0,1.0,0.5833333333333334,0.5833333333333334,,6.0,0.0,8.0,1.0,,,0,0,0,E5_6,E5_6_SR,E5_6,E5_6_SR,1.0,1.2040914960773894,0.9316080607706018,8.632161215412037,0.93
375,E5,6,T,0.8,0.8,0.55,0.55,,6.0,0.0,8.0,1.0,,,0,0,0,E5_6,E5_6_T,E5_6,E5_6_T,0.8,0.6690280196874245,0.7605385345549505,5.210770691099011,0.79
376,E5,7,K,1.0,1.0,0.7,0.7,,7.0,0.0,9.0,1.0,,,0,0,0,E5_7,E5_7_K,E5_7,E5_7_K,1.0,1.1903404811731537,0.9272116111745216,8.544232223490432,0.93
377,E5,7,PE3,0.8,0.8,0.6,0.6,,7.0,0.0,9.0,1.0,,,0,0,0,E5_7,E5_7_PE3,E5_7,E5_7_PE3,0.8,0.8497124047675456,0.8183066191171176,6.366132382342354,0.79
378,E5,7,SR,1.0,1.0,0.75,0.75,,7.0,0.0,9.0,1.0,,,0,0,0,E5_7,E5_7_SR,E5_7,E5_7_SR,1.0,1.2040914960773894,0.9316080607706018,8.632161215412037,0.93
379,E5,7,T,0.6,0.6,0.5833333333333334,0.5833333333333334,,7.0,0.0,9.0,1.0,,,0,0,0,E5_7,E5_7_T,E5_7,E5_7_T,0.6,0.11569861238231782,0.5836290579681328,1.6725811593626556,0.64
380,E5,8,K,0.8,0.8,0.85,0.85,,8.0,0.0,10.0,1.0,,,0,0,0,E5_8,E5_8_K,E5_8,E5_8_K,0.8,0.7528048311975859,0.7873235050963822,5.746470101927645,0.79
381,E5,8,PC,0.5714285714285714,0.5714285714285714,0.4285714285714285,0.42857142857142855,,8.0,0.0,10.0,1.0,,,0,0,0,E5_8,E5_8_PC,E5_8,E5_8_PC,0.5714285714285714,0.22787895950520057,0.6194951555057496,2.389903110114995,0.64
382,E5,8,PE3,1.0,1.0,0.85,0.85,,8.0,0.0,10.0,1.0,,,0,0,0,E5_8,E5_8_PE3,E5_8,E5_8_PE3,1.0,1.3329180227336987,0.9727962446993453,9.45592489398691,0.93
383,E5,8,SR,1.0,1.0,1.0,1.0,,8.0,0.0,10.0,1.0,,,0,0,0,E5_8,E5_8_SR,E5_8,E5_8_SR,1.0,1.2040914960773894,0.9316080607706018,8.632161215412037,0.93
384,E5,8,T,0.4,0.4,0.7,0.7,,8.0,0.0,10.0,1.0,,,0,0,0,E5_8,E5_8_T,E5_8,E5_8_T,0.4,-0.30020760508404215,0.4506562749029341,-0.9868745019413172,0.5
385,E5,9,K,0.6,0.6,0.6,0.6,11.0,11.0,1.0,11.0,0.0,,,0,0,0,E5_9,E5_9_K,E5_9,E5_9_K,0.6,0.44270936724997617,0.6881803446305427,3.763606892610854,0.64
386,E5,9,PC,0.42857142857142855,0.4285714285714285,0.2142857142857142,0.21428571428571427,,9.0,0.0,11.0,1.0,,,0,0,0,E5_9,E5_9_PC,E5_9,E5_9_PC,0.4285714285714285,-0.25473374220865097,0.4651950960345395,-0.6960980793092091,0.5
387,E5,9,PE3,0.8,0.8,0.0,0.0,3.0,3.0,1.0,11.0,0.0,,,0,0,0,E5_9,E5_9_PE3,E5_9,E5_9_PE3,0.8,0.8497124047675456,0.8183066191171176,6.366132382342354,0.79
388,E5,9,SR,1.0,1.0,0.5,0.5,15.0,15.0,1.0,11.0,0.0,,,0,0,0,E5_9,E5_9_SR,E5_9,E5_9_SR,1.0,1.2040914960773894,0.9316080607706018,8.632161215412037,0.93
389,E5,9,T,0.6,0.6,0.5,0.5,,9.0,0.0,11.0,1.0,,,0,0,0,E5_9,E5_9_T,E5_9,E5_9_T,0.6,0.37471901367033345,0.6664425918454374,3.3288518369087488,0.64
390,E5,10,K,0.8,0.8,0.55,0.55,,10.0,0.0,12.0,1.0,,,0,0,0,E5_10,E5_10_K,E5_10,E5_10_K,0.8,0.7528048311975859,0.7873235050963822,5.746470101927645,0.79
391,E5,10,PC,0.14285714285714285,0.1428571428571428,0.125,0.125,1.0,2.0,1.0,12.0,0.0,,,0,0,0,E5_10,E5_10_PC,E5_10,E5_10_PC,0.1428571428571428,-1.0305766168856505,0.21714401640515346,-5.657119671896931,0.21
392,E5,10,PE3,1.0,1.0,0.6,0.6,,10.0,0.0,12.0,1.0,,,0,0,0,E5_10,E5_10_PE3,E5_10,E5_10_PE3,1.0,1.3329180227336987,0.9727962446993453,9.45592489398691,0.93
393,E5,10,SR,1.0,1.0,0.75,0.75,,10.0,0.0,12.0,1.0,,,0,0,0,E5_10,E5_10_SR,E5_10,E5_10_SR,1.0,1.2040914960773894,0.9316080607706018,8.632161215412037,0.93
394,E5,10,T,0.0,0.0,,,1.0,13.0,1.0,12.0,0.0,,,0,0,0,E5_10,E5_10_T,E5_10,E5_10_T,0.0,-1.251120280860139,0.1466321953394928,-7.067356093210144,0.21
395,E5,11,K,1.0,1.0,0.9,0.9,,11.0,0.0,13.0,2.0,,,0,0,0,E5_11,E5_11_K,E5_11,E5_11_K,1.0,1.1903404811731537,0.9272116111745216,8.544232223490432,0.93
396,E5,11,PC,0.7142857142857143,0.7142857142857143,0.7857142857142857,0.7857142857142857,,11.0,0.0,13.0,1.0,,,0,0,0,E5_11,E5_11_PC,E5_11,E5_11_PC,0.7142857142857143,0.5270586909259569,0.715148357725393,4.30296715450786,0.79
397,E5,11,PE3,0.8,0.8,0.7,0.7,,11.0,0.0,13.0,1.0,,,0,0,0,E5_11,E5_11_PE3,E5_11,E5_11_PE3,0.8,0.7858651974439309,0.7978935055539657,5.957870111079313,0.79
398,E5,11,SR,1.0,1.0,1.0,1.0,,11.0,0.0,13.0,1.0,,,0,0,0,E5_11,E5_11_SR,E5_11,E5_11_SR,1.0,1.2040914960773894,0.9316080607706018,8.632161215412037,0.93
399,E5,11,T,0.8,0.8,0.55,0.55,,11.0,0.0,13.0,1.0,,,0,0,0,E5_11,E5_11_T,E5_11,E5_11_T,0.8,0.8005234954166542,0.8025800300505359,6.051600601010719,0.79
400,E5,12,K,0.8,0.8,0.85,0.85,,12.0,0.0,14.0,1.0,,,0,0,0,E5_12,E5_12_K,E5_12,E5_12_K,0.8,0.6782440457054066,0.76348506571257,5.269701314251401,0.79
401,E5,12,PC,0.2857142857142857,0.2857142857142857,1.0,1.0,,12.0,0.0,14.0,1.0,,,0,0,0,E5_12,E5_12_PC,E5_12,E5_12_PC,0.2857142857142857,-0.411684007976412,0.41501524114056965,-1.6996951771886053,0.36
402,E5,12,PE3,0.4,0.4,0.9,0.9,,12.0,0.0,14.0,1.0,,,0,0,0,E5_12,E5_12_PE3,E5_12,E5_12_PE3,0.4,-0.439162364129585,0.4062299108466323,-1.8754017830673533,0.36
403,E5,12,SR,1.0,1.0,1.0,1.0,,12.0,0.0,14.0,1.0,,,0,0,0,E5_12,E5_12_SR,E5_12,E5_12_SR,1.0,1.2040914960773894,0.9316080607706018,8.632161215412037,0.93
404,E5,12,T,0.8,0.8,1.0,1.0,,12.0,0.0,14.0,1.0,,,0,0,0,E5_12,E5_12_T,E5_12,E5_12_T,0.8,0.8005234954166542,0.8025800300505359,6.051600601010719,0.79
405,E5,13,K,0.8,0.8,0.7,0.7,,13.0,0.0,15.0,3.0,,,0,0,0,E5_13,E5_13_K,E5_13,E5_13_K,0.8,0.7528048311975859,0.7873235050963822,5.746470101927645,0.79
406,E5,13,PC,0.42857142857142855,0.4285714285714285,0.5,0.5,,13.0,0.0,15.0,1.0,,,0,0,0,E5_13,E5_13_PC,E5_13,E5_13_PC,0.4285714285714285,-0.15838069972519978,0.4960009163799882,-0.07998167240023513,0.5
407,E5,13,PE3,0.6,0.6,0.7,0.7,,13.0,0.0,15.0,1.0,,,0,0,0,E5_13,E5_13_PE3,E5_13,E5_13_PE3,0.6,0.14617224075785468,0.5933720312756129,1.8674406255122573,0.64
408,E5,13,SR,1.0,1.0,1.0,1.0,,13.0,0.0,15.0,1.0,,,0,0,0,E5_13,E5_13_SR,E5_13,E5_13_SR,1.0,1.2040914960773894,0.9316080607706018,8.632161215412037,0.93
409,E5,13,T,1.0,1.0,0.55,0.55,,13.0,0.0,15.0,4.0,,,0,0,0,E5_13,E5_13_T,E5_13,E5_13_T,1.0,1.1169683986672678,0.903753221757955,8.075064435159103,0.93
410,E5,14,K,1.0,1.0,0.65,0.65,,14.0,0.0,16.0,1.0,,,0,0,0,E5_14,E5_14_K,E5_14,E5_14_K,1.0,1.1903404811731537,0.9272116111745216,8.544232223490432,0.93
411,E5,14,PC,0.2857142857142857,0.2857142857142857,0.2142857142857142,0.21428571428571427,,14.0,0.0,16.0,1.0,,,0,0,0,E5_14,E5_14_PC,E5_14,E5_14_PC,0.2857142857142857,-0.411684007976412,0.41501524114056965,-1.6996951771886053,0.36
412,E5,14,PE3,0.2,0.2,0.5,0.5,,14.0,0.0,16.0,1.0,,,0,0,0,E5_14,E5_14_PE3,E5_14,E5_14_PE3,0.2,-0.5093619703203933,0.38378581981539456,-2.324283603692108,0.36
413,E5,14,SR,0.6666666666666666,0.6666666666666666,0.75,0.75,,14.0,0.0,16.0,1.0,,,0,0,0,E5_14,E5_14_SR,E5_14,E5_14_SR,0.6666666666666666,0.6069333174809116,0.7406857287558339,4.8137145751166805,0.79
414,E5,14,T,0.2,0.2,0.4,0.4,,14.0,0.0,16.0,1.0,,,0,0,0,E5_14,E5_14_T,E5_14,E5_14_T,0.2,-0.9046437078679255,0.25740705813988735,-4.851858837202253,0.21
415,E5,15,K,1.0,1.0,0.75,0.75,,15.0,0.0,17.0,1.0,,,0,0,0,E5_15,E5_15_K,E5_15,E5_15_K,1.0,1.1903404811731537,0.9272116111745216,8.544232223490432,0.93
416,E5,15,PC,0.2857142857142857,0.2857142857142857,0.4285714285714285,0.42857142857142855,,15.0,0.0,17.0,1.0,,,0,0,0,E5_15,E5_15_PC,E5_15,E5_15_PC,0.2857142857142857,-0.411684007976412,0.41501524114056965,-1.6996951771886053,0.36
417,E5,15,PE3,0.8,0.8,0.4,0.4,1.0,1.0,1.0,17.0,0.0,,,0,0,0,E5_15,E5_15_PE3,E5_15,E5_15_PE3,0.8,0.8497124047675456,0.8183066191171176,6.366132382342354,0.79
418,E5,15,SR,1.0,1.0,0.75,0.75,,15.0,0.0,17.0,2.0,,,0,0,0,E5_15,E5_15_SR,E5_15,E5_15_SR,1.0,1.2040914960773894,0.9316080607706018,8.632161215412037,0.93
419,E5,15,T,0.6,0.6,0.5,0.5,2.0,2.0,1.0,17.0,0.0,,,0,0,0,E5_15,E5_15_T,E5_15,E5_15_T,0.6,0.37471901367033345,0.6664425918454374,3.3288518369087488,0.64
420,E5,16,PC,0.2857142857142857,0.2857142857142857,0.5,0.5,,16.0,0.0,18.0,1.0,,,0,0,0,E5_16,E5_16_PC,E5_16,E5_16_PC,0.2857142857142857,-0.7527836441605679,0.30595948284428365,-3.8808103431143275,0.36
421,E5,16,PE3,1.0,1.0,0.2,0.2,,16.0,0.0,18.0,1.0,,,0,0,0,E5_16,E5_16_PE3,E5_16,E5_16_PE3,1.0,1.3329180227336987,0.9727962446993453,9.45592489398691,0.93
422,E5,16,SR,1.0,1.0,0.75,0.75,,16.0,0.0,18.0,1.0,,,0,0,0,E5_16,E5_16_SR,E5_16,E5_16_SR,1.0,1.2040914960773894,0.9316080607706018,8.632161215412037,0.93
423,E5,16,T,0.6,0.6,0.8,0.8,,16.0,0.0,18.0,1.0,,,0,0,0,E5_16,E5_16_T,E5_16,E5_16_T,0.6,0.29233847913057315,0.6401040364497448,2.8020807289948966,0.64
424,E5,17,K,0.8,0.8,0.7,0.7,,17.0,0.0,19.0,1.0,,,0,0,0,E5_17,E5_17_K,E5_17,E5_17_K,0.8,0.7528048311975859,0.7873235050963822,5.746470101927645,0.79
425,E5,17,PC,0.0,0.0,,,,17.0,0.0,19.0,1.0,,,0,0,0,E5_17,E5_17_PC,E5_17,E5_17_PC,0.0,-1.296377053100044,0.13216278203293466,-7.356744359341306,0.07
426,E6,0,K,0.6,0.6,0.4,0.4,4.0,10.0,1.0,2.0,0.0,,,0,0,0,E6_0,E6_0_K,E6_0,E6_0_K,0.6,0.030475089111137447,0.5563815473609917,1.1276309472198331,0.5
427,E6,0,PC,0.7142857142857143,0.7142857142857143,0.2142857142857142,0.21428571428571427,8.0,8.0,1.0,2.0,0.0,,,0,0,0,E6_0,E6_0_PC,E6_0,E6_0_PC,0.7142857142857143,0.5579358560320384,0.725020349065968,4.500406981319362,0.79
428,E6,0,PE6,0.5,0.5,0.125,0.125,,0.0,0.0,2.0,1.0,,,0,0,0,E6_0,E6_0_PE6,E6_0,E6_0_PE6,0.5,0.0631628637778047,0.566832423513105,1.3366484702621015,0.5
429,E6,0,SR,0.0,0.0,0.75,0.75,,0.0,0.0,2.0,1.0,,,0,0,0,E6_0,E6_0_SR,E6_0,E6_0_SR,0.0,-1.7097497862118831,0.0,-10.0,0.93
430,E6,0,T,1.0,1.0,0.6,0.6,,0.0,0.0,2.0,1.0,,,0,0,0,E6_0,E6_0_T,E6_0,E6_0_T,1.0,1.1169683986672678,0.903753221757955,8.075064435159103,0.93
431,E6,1,K,0.8,0.8,0.35,0.35,12.0,9.0,1.0,3.0,0.0,,,0,0,0,E6_1,E6_1_K,E6_1,E6_1_K,0.8,0.8523766030116593,0.8191584117575723,6.383168235151448,0.79
432,E6,1,PC,0.8571428571428571,0.8571428571428571,0.4285714285714285,0.42857142857142855,3.0,3.0,1.0,3.0,0.0,,,0,0,0,E6_1,E6_1_PC,E6_1,E6_1_PC,0.8571428571428571,0.813060887120576,0.806588462233649,6.131769244672981,0.79
433,E6,1,PE6,1.0,1.0,0.0,0.0,11.0,5.0,1.0,3.0,0.0,,,0,0,0,E6_1,E6_1_PE6,E6_1,E6_1_PE6,1.0,0.9291509237977025,0.8437045586390776,6.874091172781551,0.79
434,E6,1,SR,1.0,1.0,0.5833333333333334,0.5833333333333334,,1.0,0.0,3.0,1.0,,,0,0,0,E6_1,E6_1_SR,E6_1,E6_1_SR,1.0,1.2040914960773894,0.9316080607706018,8.632161215412037,0.93
435,E6,1,T,0.2,0.2,0.05,0.05,9.0,9.0,1.0,3.0,0.0,,,0,0,0,E6_1,E6_1_T,E6_1,E6_1_T,0.2,-0.7044910485084708,0.32139950411739926,-3.5720099176520144,0.36
436,E6,2,K,1.0,1.0,0.75,0.75,4.0,10.0,1.0,4.0,0.0,,,0,0,0,E6_2,E6_2_K,E6_2,E6_2_K,1.0,1.1903404811731537,0.9272116111745216,8.544232223490432,0.93
437,E6,2,PC,0.5714285714285714,0.5714285714285714,0.5357142857142857,0.5357142857142857,,2.0,0.0,4.0,1.0,,,0,0,0,E6_2,E6_2_PC,E6_2,E6_2_PC,0.5714285714285714,0.23129083239530832,0.6205859933307433,2.4117198666148667,0.64
438,E6,2,PE6,0.5,0.5,0.0,0.0,5.0,5.0,1.0,4.0,0.0,,,0,0,0,E6_2,E6_2_PE6,E6_2,E6_2_PE6,0.5,-0.015561581340244853,0.5416627864098625,0.8332557281972512,0.5
439,E6,2,SR,1.0,1.0,1.0,1.0,,2.0,0.0,4.0,1.0,,,0,0,0,E6_2,E6_2_SR,E6_2,E6_2_SR,1.0,1.2040914960773894,0.9316080607706018,8.632161215412037,0.93
440,E6,2,T,0.6,0.6,0.65,0.65,,2.0,0.0,4.0,1.0,,,0,0,0,E6_2,E6_2_T,E6_2,E6_2_T,0.6,0.29233847913057315,0.6401040364497448,2.8020807289948966,0.64
441,E6,3,K,0.6,0.6,0.65,0.65,12.0,9.0,1.0,5.0,0.0,,,0,0,0,E6_3,E6_3_K,E6_3,E6_3_K,0.6,0.44270936724997617,0.6881803446305427,3.763606892610854,0.64
442,E6,3,PC,0.42857142857142855,0.4285714285714285,0.6071428571428571,0.6071428571428571,,3.0,0.0,5.0,3.0,,,0,0,0,E6_3,E6_3_PC,E6_3,E6_3_PC,0.4285714285714285,-0.02530273783016739,0.5385483614882313,0.7709672297646257,0.5
443,E6,3,PE6,0.5,0.5,0.3125,0.3125,,3.0,0.0,5.0,2.0,,,0,0,0,E6_3,E6_3_PE6,E6_3,E6_3_PE6,0.5,0.0014664234618565067,0.5471069492847926,0.942138985695852,0.5
444,E6,3,SR,1.0,1.0,0.9166666666666666,0.9166666666666666,,3.0,0.0,5.0,1.0,,,0,0,0,E6_3,E6_3_SR,E6_3,E6_3_SR,1.0,1.2040914960773894,0.9316080607706018,8.632161215412037,0.93
445,E6,3,T,0.6,0.6,0.4,0.4,11.0,11.0,1.0,5.0,0.0,,,0,0,0,E6_3,E6_3_T,E6_3,E6_3_T,0.6,0.37471901367033345,0.6664425918454374,3.3288518369087488,0.64
446,E6,4,K,0.8,0.8,0.95,0.95,10.0,10.0,1.0,6.0,0.0,,,0,0,0,E6_4,E6_4_K,E6_4,E6_4_K,0.8,0.8523766030116593,0.8191584117575723,6.383168235151448,0.79
447,E6,4,PC,0.5714285714285714,0.5714285714285714,0.5714285714285714,0.5714285714285714,,4.0,0.0,6.0,2.0,,,0,0,0,E6_4,E6_4_PC,E6_4,E6_4_PC,0.5714285714285714,0.23129083239530832,0.6205859933307433,2.4117198666148667,0.64
448,E6,4,PE6,0.25,0.25,0.5,0.5,5.0,5.0,1.0,6.0,0.0,,,0,0,0,E6_4,E6_4_PE6,E6_4,E6_4_PE6,0.25,-0.48322796611403707,0.3921413363381498,-2.157173273237003,0.36
449,E6,4,SR,1.0,1.0,0.8333333333333334,0.8333333333333334,12.0,12.0,1.0,6.0,0.0,,,0,0,0,E6_4,E6_4_SR,E6_4,E6_4_SR,1.0,1.2040914960773894,0.9316080607706018,8.632161215412037,0.93
450,E6,4,T,0.8,0.8,0.85,0.85,,4.0,0.0,6.0,1.0,,,0,0,0,E6_4,E6_4_T,E6_4,E6_4_T,0.8,0.8005234954166542,0.8025800300505359,6.051600601010719,0.79
451,E6,5,K,1.0,1.0,0.7,0.7,,5.0,0.0,7.0,1.0,,,0,0,0,E6_5,E6_5_K,E6_5,E6_5_K,1.0,1.1903404811731537,0.9272116111745216,8.544232223490432,0.93
452,E6,5,PC,0.14285714285714285,0.1428571428571428,0.2142857142857142,0.21428571428571427,10.0,10.0,1.0,7.0,0.0,,,0,0,0,E6_5,E6_5_PC,E6_5,E6_5_PC,0.1428571428571428,-1.0026753879683417,0.2260645468138479,-5.478709063723041,0.21
453,E6,5,PE6,0.5,0.5,0.5625,0.5625,,5.0,0.0,7.0,8.0,,,0,0,0,E6_5,E6_5_PE6,E6_5,E6_5_PE6,0.5,0.0631628637778047,0.566832423513105,1.3366484702621015,0.5
454,E6,5,SR,1.0,1.0,0.9166666666666666,0.9166666666666666,,5.0,0.0,7.0,4.0,,,0,0,0,E6_5,E6_5_SR,E6_5,E6_5_SR,1.0,1.2040914960773894,0.9316080607706018,8.632161215412037,0.93
455,E6,5,T,0.4,0.4,0.3,0.3,10.0,10.0,1.0,7.0,0.0,,,0,0,0,E6_5,E6_5_T,E6_5,E6_5_T,0.4,-0.09011165020775885,0.5178277733258915,0.35655546651783077,0.5
456,E6,6,K,0.8,0.8,0.35,0.35,4.0,10.0,1.0,8.0,0.0,,,0,0,0,E6_6,E6_6_K,E6_6,E6_6_K,0.8,0.6782440457054066,0.76348506571257,5.269701314251401,0.79
457,E6,6,PC,0.5714285714285714,0.5714285714285714,0.25,0.25,,6.0,0.0,8.0,1.0,,,0,0,0,E6_6,E6_6_PC,E6_6,E6_6_PC,0.5714285714285714,0.14902557323283283,0.5942842935700298,1.8856858714005966,0.64
458,E6,6,PE6,0.25,0.25,0.25,0.25,5.0,5.0,1.0,8.0,0.0,,,0,0,0,E6_6,E6_6_PE6,E6_6,E6_6_PE6,0.25,-0.48322796611403707,0.3921413363381498,-2.157173273237003,0.36
459,E6,6,SR,1.0,1.0,0.6666666666666666,0.6666666666666666,,6.0,0.0,8.0,1.0,,,0,0,0,E6_6,E6_6_SR,E6_6,E6_6_SR,1.0,1.2040914960773894,0.9316080607706018,8.632161215412037,0.93
460,E6,6,T,0.6,0.6,0.4,0.4,,6.0,0.0,8.0,1.0,,,0,0,0,E6_6,E6_6_T,E6_6,E6_6_T,0.6,0.19753582101435557,0.6097939021880189,2.195878043760377,0.64
461,E6,7,K,1.0,1.0,0.55,0.55,,7.0,0.0,9.0,1.0,,,0,0,0,E6_7,E6_7_K,E6_7,E6_7_K,1.0,1.1903404811731537,0.9272116111745216,8.544232223490432,0.93
462,E6,7,PC,0.5714285714285714,0.5714285714285714,0.3928571428571428,0.39285714285714285,,7.0,0.0,9.0,1.0,,,0,0,0,E6_7,E6_7_PC,E6_7,E6_7_PC,0.5714285714285714,0.09182464442336058,0.575996116143769,1.519922322875379,0.64
463,E6,7,PE6,0.75,0.75,0.375,0.375,3.0,3.0,1.0,9.0,0.0,,,0,0,0,E6_7,E6_7_PE6,E6_7,E6_7_PE6,0.75,0.6213168724396845,0.7452844129132642,4.905688258265286,0.79
464,E6,7,SR,1.0,1.0,0.75,0.75,4.0,12.0,1.0,9.0,0.0,,,0,0,0,E6_7,E6_7_SR,E6_7,E6_7_SR,1.0,1.2040914960773894,0.9316080607706018,8.632161215412037,0.93
465,E6,7,T,0.8,0.8,0.55,0.55,9.0,9.0,1.0,9.0,0.0,,,0,0,0,E6_7,E6_7_T,E6_7,E6_7_T,0.8,0.6690280196874245,0.7605385345549505,5.210770691099011,0.79
466,E6,8,K,0.8,0.8,0.85,0.85,10.0,10.0,1.0,10.0,0.0,,,0,0,0,E6_8,E6_8_K,E6_8,E6_8_K,0.8,0.7528048311975859,0.7873235050963822,5.746470101927645,0.79
467,E6,8,PC,0.5714285714285714,0.5714285714285714,0.8214285714285714,0.8214285714285714,,8.0,0.0,10.0,2.0,,,0,0,0,E6_8,E6_8_PC,E6_8,E6_8_PC,0.5714285714285714,0.2862948096917687,0.6381717653957086,2.7634353079141736,0.64
468,E6,8,PE6,0.5,0.5,0.0,0.0,5.0,5.0,1.0,10.0,0.0,,,0,0,0,E6_8,E6_8_PE6,E6_8,E6_8_PE6,0.5,0.0631628637778047,0.566832423513105,1.3366484702621015,0.5
469,E6,8,SR,1.0,1.0,1.0,1.0,4.0,12.0,1.0,10.0,0.0,,,0,0,0,E6_8,E6_8_SR,E6_8,E6_8_SR,1.0,1.2040914960773894,0.9316080607706018,8.632161215412037,0.93
470,E6,8,T,0.8,0.8,0.9,0.9,,8.0,0.0,10.0,1.0,,,0,0,0,E6_8,E6_8_T,E6_8,E6_8_T,0.8,0.8005234954166542,0.8025800300505359,6.051600601010719,0.79
471,E6,9,K,0.6,0.6,0.8,0.8,,9.0,0.0,11.0,4.0,,,0,0,0,E6_9,E6_9_K,E6_9,E6_9_K,0.6,0.4079467555877162,0.677066105349618,3.541322106992361,0.64
472,E6,9,PC,0.5714285714285714,0.5714285714285714,0.17857142857142852,0.17857142857142858,3.0,3.0,1.0,11.0,0.0,,,0,0,0,E6_9,E6_9_PC,E6_9,E6_9_PC,0.5714285714285714,0.23129083239530832,0.6205859933307433,2.4117198666148667,0.64
473,E6,9,PE6,0.5,0.5,0.375,0.375,,9.0,0.0,11.0,1.0,,,0,0,0,E6_9,E6_9_PE6,E6_9,E6_9_PE6,0.5,0.0631628637778047,0.566832423513105,1.3366484702621015,0.5
474,E6,9,SR,0.6666666666666666,0.6666666666666666,0.6666666666666666,0.6666666666666666,5.0,5.0,1.0,11.0,0.0,,,0,0,0,E6_9,E6_9_SR,E6_9,E6_9_SR,0.6666666666666666,0.6069333174809116,0.7406857287558339,4.8137145751166805,0.79
475,E6,9,T,0.6,0.6,0.55,0.55,,9.0,0.0,11.0,3.0,,,0,0,0,E6_9,E6_9_T,E6_9,E6_9_T,0.6,0.3223654343750149,0.649704200232222,2.9940840046444404,0.64
476,E6,10,K,1.0,1.0,0.85,0.85,,10.0,0.0,12.0,7.0,,,0,0,0,E6_10,E6_10_K,E6_10,E6_10_K,1.0,1.1903404811731537,0.9272116111745216,8.544232223490432,0.93
477,E6,10,PC,0.7142857142857143,0.7142857142857143,0.3571428571428571,0.35714285714285715,,10.0,0.0,12.0,4.0,,,0,0,0,E6_10,E6_10_PC,E6_10,E6_10_PC,0.7142857142857143,0.49590232040211113,0.7051870993340071,4.103741986680143,0.64
478,E6,10,PE6,0.75,0.75,0.4375,0.4375,,10.0,0.0,12.0,1.0,,,0,0,0,E6_10,E6_10_PE6,E6_10,E6_10_PE6,0.75,0.6213168724396845,0.7452844129132642,4.905688258265286,0.79
479,E6,10,SR,1.0,1.0,0.75,0.75,5.0,5.0,1.0,12.0,0.0,,,0,0,0,E6_10,E6_10_SR,E6_10,E6_10_SR,1.0,1.2040914960773894,0.9316080607706018,8.632161215412037,0.93
480,E6,10,T,0.8,0.8,0.85,0.85,,10.0,0.0,12.0,3.0,,,0,0,0,E6_10,E6_10_T,E6_10,E6_10_T,0.8,0.8005234954166542,0.8025800300505359,6.051600601010719,0.79
481,E6,11,K,0.8,0.8,0.3,0.3,,11.0,0.0,13.0,1.0,,,0,0,0,E6_11,E6_11_K,E6_11,E6_11_K,0.8,0.7528048311975859,0.7873235050963822,5.746470101927645,0.79
482,E6,11,PC,0.8571428571428571,0.8571428571428571,0.3571428571428571,0.35714285714285715,4.0,4.0,1.0,13.0,0.0,,,0,0,0,E6_11,E6_11_PC,E6_11,E6_11_PC,0.8571428571428571,0.8170147911808535,0.8078525972833023,6.157051945666048,0.79
483,E6,11,PE6,0.5,0.5,0.0,0.0,12.0,5.0,1.0,13.0,0.0,,,0,0,0,E6_11,E6_11_PE6,E6_11,E6_11_PE6,0.5,-0.18463424443297174,0.4876071805844866,-0.24785638831026802,0.5
484,E6,11,SR,1.0,1.0,0.5833333333333334,0.5833333333333334,,11.0,0.0,13.0,1.0,,,0,0,0,E6_11,E6_11_SR,E6_11,E6_11_SR,1.0,1.2040914960773894,0.9316080607706018,8.632161215412037,0.93
485,E6,11,T,0.8,0.8,0.85,0.85,,11.0,0.0,13.0,2.0,,,0,0,0,E6_11,E6_11_T,E6_11,E6_11_T,0.8,0.8005234954166542,0.8025800300505359,6.051600601010719,0.79
486,E6,12,K,1.0,1.0,0.6,0.6,9.0,9.0,1.0,14.0,0.0,,,0,0,0,E6_12,E6_12_K,E6_12,E6_12_K,1.0,1.1903404811731537,0.9272116111745216,8.544232223490432,0.93
487,E6,12,PC,0.7142857142857143,0.7142857142857143,0.3571428571428571,0.35714285714285715,,12.0,0.0,14.0,1.0,,,0,0,0,E6_12,E6_12_PC,E6_12,E6_12_PC,0.7142857142857143,0.5542671250154522,0.7238473890256856,4.4769477805137115,0.79
488,E6,12,PE6,0.0,0.0,0.1875,0.1875,4.0,5.0,1.0,14.0,0.0,,,0,0,0,E6_12,E6_12_PE6,E6_12,E6_12_PE6,0.0,-0.8895228375426517,0.26224147543176696,-4.755170491364661,0.21
489,E6,12,SR,0.6666666666666666,0.6666666666666666,0.3333333333333333,0.3333333333333333,,12.0,0.0,14.0,4.0,,,0,0,0,E6_12,E6_12_SR,E6_12,E6_12_SR,0.6666666666666666,0.44031319577251515,0.6874142450227982,3.7482849004559675,0.64
490,E6,12,T,0.8,0.8,0.55,0.55,,12.0,0.0,14.0,1.0,,,0,0,0,E6_12,E6_12_T,E6_12,E6_12_T,0.8,0.8005234954166542,0.8025800300505359,6.051600601010719,0.79
491,E6,13,K,0.8,0.8,0.85,0.85,,13.0,0.0,15.0,1.0,,,0,0,0,E6_13,E6_13_K,E6_13,E6_13_K,0.8,0.7528048311975859,0.7873235050963822,5.746470101927645,0.79
492,E6,13,PC,0.7142857142857143,0.7142857142857143,0.0714285714285714,0.07142857142857142,10.0,10.0,1.0,15.0,0.0,,,0,0,0,E6_13,E6_13_PC,E6_13,E6_13_PC,0.7142857142857143,0.33557351572902855,0.6539270640963256,3.0785412819265137,0.64
493,E6,13,PE6,0.75,0.75,0.8125,0.8125,,13.0,0.0,15.0,1.0,,,0,0,0,E6_13,E6_13_PE6,E6_13,E6_13_PE6,0.75,0.35201762244025464,0.6591845441304867,3.183690882609735,0.64
494,E6,13,SR,1.0,1.0,1.0,1.0,,13.0,0.0,15.0,1.0,,,0,0,0,E6_13,E6_13_SR,E6_13,E6_13_SR,1.0,1.2040914960773894,0.9316080607706018,8.632161215412037,0.93
495,E6,13,T,0.8,0.8,0.75,0.75,,13.0,0.0,15.0,1.0,,,0,0,0,E6_13,E6_13_T,E6_13,E6_13_T,0.8,0.8005234954166542,0.8025800300505359,6.051600601010719,0.79
496,E6,14,K,0.4,0.4,0.3,0.3,6.0,10.0,1.0,16.0,0.0,,,0,0,0,E6_14,E6_14_K,E6_14,E6_14_K,0.4,-0.2857079718973319,0.4552920713813008,-0.8941585723739838,0.5
497,E6,14,PC,0.42857142857142855,0.4285714285714285,0.1071428571428571,0.10714285714285714,10.0,10.0,1.0,16.0,0.0,,,0,0,0,E6_14,E6_14_PC,E6_14,E6_14_PC,0.4285714285714285,-0.2831274689358907,0.4561171051174665,-0.8776578976506695,0.5
498,E6,14,PE6,0.5,0.5,0.1875,0.1875,,14.0,0.0,16.0,1.0,,,0,0,0,E6_14,E6_14_PE6,E6_14,E6_14_PE6,0.5,-0.18463424443297174,0.4876071805844866,-0.24785638831026802,0.5
499,E6,14,SR,0.6666666666666666,0.6666666666666666,0.8333333333333334,0.8333333333333334,5.0,5.0,1.0,16.0,0.0,,,0,0,0,E6_14,E6_14_SR,E6_14,E6_14_SR,0.6666666666666666,0.6069333174809116,0.7406857287558339,4.8137145751166805,0.79
500,E6,14,T,0.6,0.6,0.7,0.7,5.0,10.0,1.0,16.0,0.0,,,0,0,0,E6_14,E6_14_T,E6_14,E6_14_T,0.6,0.05359312522191296,0.5637728040230785,1.2754560804615718,0.5
